iter	RMSE
0	0.4005640684
1	0.3978156602
2	0.3953798324
3	0.3928133785
4	0.3902156658
5	0.3877958265
6	0.3852704653
7	0.3828723426
8	0.3804223703
9	0.3781175755
10	0.37583395
11	0.3734804325
12	0.37119454
13	0.3687480891
14	0.3664339086
15	0.3643296716
16	0.3620417538
17	0.359823213
18	0.3577278674
19	0.3556497434
20	0.353393553
21	0.3512327164
22	0.349015216
23	0.3468011363
24	0.34466869
25	0.3425404993
26	0.340447041
27	0.3385232237
28	0.3364155679
29	0.3344039791
30	0.332435844
31	0.3305784066
32	0.3284774845
33	0.3265077733
34	0.3244749692
35	0.3227689594
36	0.3208538559
37	0.3191232828
38	0.3172592082
39	0.3153720105
40	0.313774818
41	0.3119135493
42	0.3100682559
43	0.3082954098
44	0.3065732873
45	0.3050831982
46	0.3031799925
47	0.3013602211
48	0.2996239964
49	0.2980208577
50	0.2963471535
51	0.2947869448
52	0.2933663964
53	0.2917629331
54	0.290139111
55	0.2884827274
56	0.2870452442
57	0.2855194723
58	0.2839547245
59	0.2825116729
60	0.2811149403
61	0.2796480074
62	0.2783779326
63	0.2768734055
64	0.2755025223
65	0.2741527584
66	0.2727044438
67	0.2712977793
68	0.269874098
69	0.268525122
70	0.2673494074
71	0.2659869834
72	0.2646697076
73	0.263448194
74	0.2621374218
75	0.260878972
76	0.2595607648
77	0.2582663032
78	0.2569985688
79	0.2557263844
80	0.2544699997
81	0.2532765866
82	0.2519816735
83	0.2507647126
84	0.2496144073
85	0.2484525889
86	0.2473302739
87	0.2461404734
88	0.2450180506
89	0.2439234815
90	0.2429223915
91	0.2418261253
92	0.2407636802
93	0.2397183191
94	0.238654076
95	0.2377009013
96	0.2366690863
97	0.235743452
98	0.2346191217
99	0.2336071853
100	0.2326598899
101	0.2316268079
102	0.2307691752
103	0.2297758876
104	0.2288730197
105	0.2279557873
106	0.2269672272
107	0.2260419721
108	0.2251683177
109	0.2242140937
110	0.2232267804
111	0.2223329902
112	0.221428541
113	0.2205175109
114	0.2196354806
115	0.2186838897
116	0.2178670308
117	0.2169431624
118	0.2161114224
119	0.2152765717
120	0.2143844105
121	0.2135708602
122	0.2127817259
123	0.2121185312
124	0.2113058593
125	0.2104060983
126	0.2096567716
127	0.2088707239
128	0.2080577775
129	0.2073550715
130	0.2066800478
131	0.2059439836
132	0.2051036952
133	0.2044037731
134	0.2036853261
135	0.2029787565
136	0.2022773098
137	0.2015900004
138	0.2008897625
139	0.2001782884
140	0.1995246976
141	0.1989175704
142	0.1983110265
143	0.1977554625
144	0.1970308784
145	0.1963971404
146	0.1956841071
147	0.1950593219
148	0.1943715312
149	0.1937396015
150	0.1931327902
151	0.1925272159
152	0.1920601489
153	0.191484532
154	0.1908549655
155	0.1902477253
156	0.1896804891
157	0.1891237526
158	0.1885107444
159	0.1878756399
160	0.1873455133
161	0.1868821542
162	0.1863123512
163	0.1857048277
164	0.1850923483
165	0.1845165614
166	0.1839619239
167	0.183481835
168	0.1829890351
169	0.1825221002
170	0.1819317966
171	0.1814001954
172	0.1808782096
173	0.1803092005
174	0.1798091542
175	0.1792711563
176	0.1787841818
177	0.1783201338
178	0.1778487772
179	0.177385057
180	0.1769033045
181	0.1763740323
182	0.1759357684
183	0.1755091983
184	0.1750349969
185	0.1746166211
186	0.1741404364
187	0.1737492926
188	0.1732641372
189	0.1727923415
190	0.1723759278
191	0.1719853902
192	0.1715381754
193	0.1711068742
194	0.1706778106
195	0.1702947472
196	0.1699107046
197	0.1695217245
198	0.1691903434
199	0.1687931617
200	0.1684143153
201	0.1680652446
202	0.1676172832
203	0.1671901384
204	0.166813856
205	0.1664209934
206	0.1660355997
207	0.1657026521
208	0.1653253768
209	0.1649541227
210	0.1646108404
211	0.1642377433
212	0.1639002582
213	0.1635501002
214	0.1632113704
215	0.16289531
216	0.1625744076
217	0.1622151588
218	0.1618766642
219	0.1615583724
220	0.1612071192
221	0.1608396554
222	0.1605039943
223	0.1602151993
224	0.1599180395
225	0.1595981418
226	0.1593010979
227	0.158973745
228	0.1586879535
229	0.1583477744
230	0.158022309
231	0.1577201847
232	0.1574521541
233	0.1571963701
234	0.1568964061
235	0.1565959081
236	0.1563133382
237	0.1560410816
238	0.1557636007
239	0.1554958945
240	0.1552229423
241	0.1549842736
242	0.1546859744
243	0.1544077741
244	0.1541415286
245	0.153889628
246	0.1536482941
247	0.1533431534
248	0.1530961967
249	0.152842653
250	0.1525415081
251	0.152302932
252	0.1520735821
253	0.1518122406
254	0.1515133468
255	0.1512386115
256	0.1509784203
257	0.1506690682
258	0.1504620937
259	0.1502393055
260	0.1500045417
261	0.1497901374
262	0.14956729
263	0.1493407053
264	0.1490921623
265	0.1488909334
266	0.1486852161
267	0.1484714143
268	0.1482373737
269	0.1480351143
270	0.1478573562
271	0.147648626
272	0.1474635565
273	0.1472173836
274	0.1469315123
275	0.1467594885
276	0.146525051
277	0.146291503
278	0.1460973393
279	0.1459145624
280	0.1457035133
281	0.1454887289
282	0.145304271
283	0.1451162137
284	0.1449222339
285	0.1446741374
286	0.1444896237
287	0.1442948564
288	0.1440782098
289	0.1438252324
290	0.1436224575
291	0.143414757
292	0.1432347257
293	0.1430505884
294	0.1428051401
295	0.1425989902
296	0.1424229116
297	0.1422445503
298	0.142058592
299	0.1418532938
300	0.1416585175
301	0.1414711196
302	0.1413129996
303	0.1411231129
304	0.1409452715
305	0.1407475601
306	0.1405647146
307	0.1403763936
308	0.1402264742
309	0.1400721553
310	0.1399238506
311	0.1398072033
312	0.1396485191
313	0.1394931391
314	0.1393352154
315	0.1391957105
316	0.1390263689
317	0.1388559858
318	0.1386949068
319	0.1385174495
320	0.1383688497
321	0.1381994767
322	0.1380617183
323	0.1378960846
324	0.1377435992
325	0.1375729252
326	0.1374231649
327	0.137280913
328	0.1371513427
329	0.1370093632
330	0.1368282326
331	0.1366636585
332	0.1365311104
333	0.1363774723
334	0.1362493591
335	0.1361194123
336	0.135998949
337	0.1358403938
338	0.1356671212
339	0.135543953
340	0.1354134439
341	0.1352849587
342	0.1351872692
343	0.1350774196
344	0.1349712274
345	0.1348453768
346	0.1347042749
347	0.134572887
348	0.1344610165
349	0.134304332
350	0.13416208
351	0.1340308489
352	0.1339104583
353	0.1337675213
354	0.1336046789
355	0.1334704417
356	0.1333545536
357	0.1332337464
358	0.1330999501
359	0.1330009381
360	0.1328896376
361	0.1327914935
362	0.1326859196
363	0.1325418361
364	0.1324326709
365	0.1323333921
366	0.1322246877
367	0.1320626365
368	0.1319451116
369	0.1318398409
370	0.1317233954
371	0.1316092756
372	0.1314682441
373	0.131340004
374	0.1312366709
375	0.1311187524
376	0.1309877492
377	0.130857906
378	0.1307414608
379	0.1306191821
380	0.1304946149
381	0.1303989344
382	0.1302570297
383	0.1301284505
384	0.1300217625
385	0.1299184275
386	0.1297993381
387	0.1297158109
388	0.1296045099
389	0.1295074831
390	0.1293905247
391	0.1293028495
392	0.1292225636
393	0.1291244713
394	0.1290131477
395	0.128912569
396	0.1287921503
397	0.1287092706
398	0.1286129314
399	0.1285244231
400	0.1284408914
401	0.1283229861
402	0.1281981483
403	0.1281135118
404	0.1279997404
405	0.1279175855
406	0.1278077481
407	0.1277176243
408	0.127588245
409	0.1274906114
410	0.1273852077
411	0.1273011595
412	0.1272059446
413	0.1271297497
414	0.1270345176
415	0.1269425708
416	0.1268417579
417	0.1267342102
418	0.1266234637
419	0.1265068668
420	0.1264355006
421	0.1263207908
422	0.1262467716
423	0.126154716
424	0.1260682622
425	0.125961473
426	0.1258669971
427	0.1257999629
428	0.1256920628
429	0.1256157622
430	0.1255436915
431	0.1254601109
432	0.1253920794
433	0.1253082914
434	0.1252454896
435	0.1251548758
436	0.1250778033
437	0.1249849178
438	0.1248721168
439	0.124807643
440	0.124716106
441	0.1246249246
442	0.1245620889
443	0.1244575377
444	0.1243273406
445	0.1242192717
446	0.1241404473
447	0.1240463335
448	0.1239915165
449	0.1239371019
450	0.1238362351
451	0.123789168
452	0.1237446512
453	0.1236689107
454	0.1236008647
455	0.1235192054
456	0.1234535673
457	0.1233667902
458	0.123290411
459	0.1231914934
460	0.1231081599
461	0.1230344334
462	0.122913675
463	0.1228401109
464	0.1227506
465	0.1226614289
466	0.1225851218
467	0.1224797149
468	0.1223791087
469	0.1222958908
470	0.1222163115
471	0.122120905
472	0.1220369687
473	0.1219384648
474	0.1218812139
475	0.1218111648
476	0.1217649717
477	0.1216698319
478	0.1215882525
479	0.1215271768
480	0.1214128446
481	0.1213390867
482	0.1212511611
483	0.1211890804
484	0.1211150149
485	0.1210416379
486	0.1209504777
487	0.1208617393
488	0.120800815
489	0.1207357448
490	0.1206661276
491	0.1205888835
492	0.1205307168
493	0.1204713238
494	0.1204188588
495	0.120351555
496	0.1202964335
497	0.1202304078
498	0.1201560239
499	0.1200930326
500	0.1200123005
501	0.119956857
502	0.1198944491
503	0.1197988704
504	0.1197313055
505	0.1196847447
506	0.1196354549
507	0.1195591776
508	0.1194985713
509	0.1194341886
510	0.1193990213
511	0.1193463414
512	0.1192869686
513	0.1191993446
514	0.1191216255
515	0.1190313807
516	0.118949571
517	0.1188993534
518	0.1188716584
519	0.1188056714
520	0.1187715931
521	0.1186985266
522	0.1186228049
523	0.1185518168
524	0.1184556645
525	0.1183923806
526	0.1183188036
527	0.1182565039
528	0.1181938171
529	0.1181285899
530	0.1180624877
531	0.118000543
532	0.1179343293
533	0.1178653811
534	0.1178330221
535	0.1177686619
536	0.1177086037
537	0.1176541199
538	0.1176015343
539	0.1175339385
540	0.1174927023
541	0.1174435541
542	0.1173656731
543	0.1173130339
544	0.1172647017
545	0.1171983093
546	0.1171309661
547	0.1170830409
548	0.1170244793
549	0.1169568787
550	0.1169295965
551	0.1168661935
552	0.1168173037
553	0.1167593082
554	0.1166824147
555	0.1166401942
556	0.1165817297
557	0.1165341957
558	0.1164664098
559	0.1164128849
560	0.1163657885
561	0.1163205401
562	0.1162755633
563	0.1162321432
564	0.1161619007
565	0.1160891446
566	0.1160444057
567	0.1159823796
568	0.1159138906
569	0.1158456614
570	0.1157652376
571	0.1157210736
572	0.1156698278
573	0.1156021606
574	0.1155260895
575	0.1154972382
576	0.1154418861
577	0.1153924567
578	0.1153289822
579	0.115265776
580	0.1151944287
581	0.1151361006
582	0.1150825729
583	0.1150537045
584	0.1149987014
585	0.1149405757
586	0.1148876277
587	0.1148290902
588	0.1147777613
589	0.1147182643
590	0.1146645412
591	0.1146002724
592	0.114546559
593	0.11447985
594	0.1144411794
595	0.1144000689
596	0.1143292127
597	0.1142759832
598	0.114205541
599	0.114135469
600	0.1140633153
601	0.1140067186
602	0.1139596065
603	0.113918676
604	0.1138679322
605	0.1138018555
606	0.1137354643
607	0.1136854368
608	0.1136178955
609	0.1135643477
610	0.1135080532
611	0.1134575137
612	0.1133882981
613	0.1133538699
614	0.1132845914
615	0.1132299911
616	0.1131788685
617	0.1131222788
618	0.113076369
619	0.1130320733
620	0.1129910013
621	0.1129224989
622	0.1128610496
623	0.1128207273
624	0.1127707338
625	0.1127345419
626	0.1126798496
627	0.1126551923
628	0.112595342
629	0.1125298717
630	0.1124877602
631	0.1124391953
632	0.1123843251
633	0.1123334433
634	0.1122903179
635	0.1122315513
636	0.1121796638
637	0.1121282298
638	0.1120843731
639	0.1120312705
640	0.111996144
641	0.1119350615
642	0.1118830115
643	0.1118315316
644	0.1118052142
645	0.111754747
646	0.1117190173
647	0.1116796818
648	0.1116291532
649	0.1115756874
650	0.1115273485
651	0.1114751267
652	0.1114288162
653	0.1113797907
654	0.1113449568
655	0.111294158
656	0.1112531893
657	0.1111857923
658	0.1111586647
659	0.1111093863
660	0.1110571775
661	0.1110275186
662	0.1109564278
663	0.1109151158
664	0.1108775975
665	0.1108410456
666	0.110820303
667	0.1107752108
668	0.1107102802
669	0.1106605578
670	0.1106133371
671	0.1105507593
672	0.1104990311
673	0.1104591784
674	0.1104262455
675	0.1103835158
676	0.1103350108
677	0.110289555
678	0.1102313716
679	0.1101748815
680	0.1101089359
681	0.1100689157
682	0.1100317201
683	0.1100211601
684	0.1099699633
685	0.1099564146
686	0.1099154609
687	0.1098590447
688	0.1098036022
689	0.1097423132
690	0.1096907177
691	0.1096630896
692	0.1096082179
693	0.1095647694
694	0.1095390174
695	0.109521716
696	0.1094821731
697	0.109464886
698	0.1094174213
699	0.1093865678
700	0.109347206
701	0.1092899775
702	0.1092267944
703	0.1091919318
704	0.1091598328
705	0.1091362255
706	0.1090947946
707	0.1090340839
708	0.1089774465
709	0.1089337948
710	0.1089157493
711	0.1088954843
712	0.1088461602
713	0.1087989921
714	0.1087524882
715	0.1086774378
716	0.1086283564
717	0.1085706476
718	0.1085309934
719	0.108490847
720	0.1084547997
721	0.1084102743
722	0.1083781039
723	0.1083331501
724	0.1082994016
725	0.1082532947
726	0.1081998924
727	0.1081454283
728	0.1081152902
729	0.1080577453
730	0.1080110633
731	0.1079910904
732	0.107934366
733	0.1078936608
734	0.1078377133
735	0.1077967266
736	0.1077422879
737	0.1076834278
738	0.1076427025
739	0.1076173202
740	0.1075915929
741	0.1075500067
742	0.1075143725
743	0.1074620001
744	0.1074326568
745	0.1074076281
746	0.1073594857
747	0.1073267629
748	0.1072791846
749	0.1072344958
750	0.107208974
751	0.1071653757
752	0.107123594
753	0.1070948508
754	0.107042779
755	0.107004528
756	0.1069772496
757	0.106935588
758	0.1068893626
759	0.106860356
760	0.1068315268
761	0.1067710253
762	0.1067408665
763	0.1067092271
764	0.1066624028
765	0.1066148378
766	0.1065891676
767	0.1065364164
768	0.1064700042
769	0.1064436078
770	0.1064041432
771	0.1063775649
772	0.1063372533
773	0.1062910913
774	0.1062570979
775	0.1061989685
776	0.1061683865
777	0.1061268842
778	0.1060693644
779	0.1060153455
780	0.1059746465
781	0.1059533686
782	0.1059113139
783	0.1058713172
784	0.1058395162
785	0.1058223841
786	0.1057747423
787	0.1057363393
788	0.1056925551
789	0.1056653883
790	0.1056439166
791	0.1055914283
792	0.1055648841
793	0.1055286186
794	0.1054889072
795	0.1054592984
796	0.1054225595
797	0.1053772287
798	0.1053460204
799	0.1053224439
800	0.1052980021
801	0.1052608858
802	0.1052182182
803	0.1051793739
804	0.1051460515
805	0.1051041888
806	0.1050671669
807	0.1050369124
808	0.1050025378
809	0.1049395242
810	0.104913208
811	0.104891614
812	0.1048640615
813	0.1048425315
814	0.1047929805
815	0.104755375
816	0.1047382351
817	0.104691319
818	0.104634718
819	0.1045894188
820	0.1045557631
821	0.10451876
822	0.1044763666
823	0.1044314931
824	0.1044167691
825	0.1043978029
826	0.1043721756
827	0.1043236739
828	0.1042906878
829	0.1042476327
830	0.1041981016
831	0.1041755733
832	0.1041439199
833	0.104106897
834	0.1040789479
835	0.1040431296
836	0.1040206804
837	0.1039906447
838	0.1039488495
839	0.1039278179
840	0.1038835264
841	0.1038597672
842	0.1038159635
843	0.1037867096
844	0.103748662
845	0.1037194354
846	0.1036730004
847	0.103645552
848	0.1036236631
849	0.1035827614
850	0.1035695397
851	0.1035327377
852	0.1034930739
853	0.1034482694
854	0.1034113841
855	0.1033546876
856	0.1033300313
857	0.1032904515
858	0.1032633839
859	0.1032254835
860	0.1032028208
861	0.1031586435
862	0.1031184247
863	0.1031001519
864	0.1030492734
865	0.1030280656
866	0.1029857031
867	0.1029441536
868	0.1029011848
869	0.102877482
870	0.102853443
871	0.1028128026
872	0.1027625209
873	0.1027394377
874	0.1026870707
875	0.1026482189
876	0.1026281825
877	0.1025819054
878	0.1025410531
879	0.1025187874
880	0.1024844039
881	0.1024641672
882	0.1024273304
883	0.1023902586
884	0.1023525792
885	0.1023146124
886	0.1022746389
887	0.1022385994
888	0.102219829
889	0.102195593
890	0.1021684472
891	0.1021542375
892	0.1021174666
893	0.1020855363
894	0.1020413143
895	0.1020210319
896	0.1019998207
897	0.1019778075
898	0.1019603186
899	0.1019323651
900	0.1019017384
901	0.1018792431
902	0.1018639707
903	0.1018256801
904	0.1017628526
905	0.1017220958
906	0.1016803363
907	0.1016538009
908	0.1016276042
909	0.1015934462
910	0.1015541495
911	0.1015419677
912	0.1015073786
913	0.1014672989
914	0.1014559987
915	0.1014324945
916	0.1013953803
917	0.1013574197
918	0.1013185145
919	0.1013061484
920	0.1012665553
921	0.1012268253
922	0.1011960159
923	0.1011544349
924	0.101110058
925	0.1010947515
926	0.1010748651
927	0.1010238151
928	0.1010061235
929	0.1009671529
930	0.1009284777
931	0.1009063259
932	0.100854381
933	0.1008350847
934	0.1007921304
935	0.1007713274
936	0.1007580634
937	0.1007445927
938	0.1007203712
939	0.1006881255
940	0.100648923
941	0.1006202401
942	0.1005776888
943	0.1005393401
944	0.1005043079
945	0.1004745206
946	0.1004574744
947	0.1004211384
948	0.100408084
949	0.1003707732
950	0.1003570359
951	0.1003439939
952	0.1003210304
953	0.1003109306
954	0.1003003397
955	0.1002670744
956	0.1002482371
957	0.1002001664
958	0.1001650567
959	0.1001228025
960	0.1001115228
961	0.1000948518
962	0.1000544919
963	0.1000411045
964	0.1000057091
965	0.09995032345
966	0.09990723025
967	0.0998949924
968	0.09987532756
969	0.09983081269
970	0.09980634725
971	0.09979781532
972	0.09974557001
973	0.09971454059
974	0.09968980571
975	0.09966152524
976	0.09962818506
977	0.09959017548
978	0.0995807583
979	0.09954961352
980	0.09949539792
981	0.09948370091
982	0.09944766873
983	0.09941286511
984	0.09938365339
985	0.09934803507
986	0.0993080438
987	0.09927554394
988	0.0992610418
989	0.09924811064
990	0.09921249549
991	0.09917845948
992	0.09914844431
993	0.09912862362
994	0.09909825537
995	0.09907879494
996	0.09906241213
997	0.09904198649
998	0.09900890319
999	0.09897921428
1000	0.09896810148
1001	0.09893793692
1002	0.09889930033
1003	0.09885909932
1004	0.09881308113
1005	0.09877075861
1006	0.09875964645
1007	0.09872999411
1008	0.09869204871
1009	0.09864728033
1010	0.09863352769
1011	0.09859509258
1012	0.09858641733
1013	0.09855780413
1014	0.09854858665
1015	0.09851187414
1016	0.09847977488
1017	0.0984616148
1018	0.09843446462
1019	0.09840357351
1020	0.09837178298
1021	0.09836179197
1022	0.09832264313
1023	0.09828712417
1024	0.0982755022
1025	0.09824093402
1026	0.09819470624
1027	0.09816952778
1028	0.09813043387
1029	0.09809831373
1030	0.09808832117
1031	0.0980400378
1032	0.09801299737
1033	0.09797241798
1034	0.09794521469
1035	0.09790332228
1036	0.09786733321
1037	0.09783619022
1038	0.09779599538
1039	0.09778676243
1040	0.09775378314
1041	0.0977122956
1042	0.0976817046
1043	0.09765356113
1044	0.09762603797
1045	0.09761809188
1046	0.09760332317
1047	0.09757479408
1048	0.09753849694
1049	0.09752761662
1050	0.0974948621
1051	0.09748514225
1052	0.09745701876
1053	0.09742975528
1054	0.09742221212
1055	0.09740427012
1056	0.09737101716
1057	0.09734550173
1058	0.09733698497
1059	0.09732320193
1060	0.09731259387
1061	0.09728233642
1062	0.09724296889
1063	0.09723490263
1064	0.09722502721
1065	0.09719816617
1066	0.09715869631
1067	0.09713197655
1068	0.09711016794
1069	0.09709365291
1070	0.09706989335
1071	0.09704166269
1072	0.09701125433
1073	0.09696610459
1074	0.09692697169
1075	0.09689897155
1076	0.09686910956
1077	0.09684197734
1078	0.09681108482
1079	0.09678403283
1080	0.09675992903
1081	0.09672487337
1082	0.09670558031
1083	0.09667447306
1084	0.0966466042
1085	0.09663146426
1086	0.09659898434
1087	0.09656685682
1088	0.09653973323
1089	0.09650900769
1090	0.09649648139
1091	0.0964602179
1092	0.09642640545
1093	0.09639500346
1094	0.09636739881
1095	0.09636133443
1096	0.09633408184
1097	0.09631113097
1098	0.09627017881
1099	0.09625539724
1100	0.09624470645
1101	0.09620692591
1102	0.0961829001
1103	0.09617235632
1104	0.0961383415
1105	0.09611126025
1106	0.09607798052
1107	0.09605170242
1108	0.09602482269
1109	0.09600829404
1110	0.09599214499
1111	0.09597134124
1112	0.09593593371
1113	0.09590292449
1114	0.09586039951
1115	0.09583015621
1116	0.09580862258
1117	0.09580326462
1118	0.09576146874
1119	0.09571841119
1120	0.09568456934
1121	0.0956353962
1122	0.0956306847
1123	0.09559662711
1124	0.09556526174
1125	0.09554513566
1126	0.09552660334
1127	0.09549625857
1128	0.09546878845
1129	0.09544561406
1130	0.0954162857
1131	0.09539239432
1132	0.09536733082
1133	0.09535893581
1134	0.09534164096
1135	0.0953181797
1136	0.09528674395
1137	0.09525705211
1138	0.09525092923
1139	0.09522213871
1140	0.09519614065
1141	0.09517254471
1142	0.09513620524
1143	0.09511547089
1144	0.09511031795
1145	0.09510568483
1146	0.09509830879
1147	0.09508683156
1148	0.09506940079
1149	0.09504331672
1150	0.09501203551
1151	0.09498521348
1152	0.09495699687
1153	0.09493178811
1154	0.09490864451
1155	0.09487018851
1156	0.09486166738
1157	0.09483103003
1158	0.09482347702
1159	0.09478360817
1160	0.09474955285
1161	0.09471665557
1162	0.09470280934
1163	0.09467960388
1164	0.09467639435
1165	0.0946516543
1166	0.09462664341
1167	0.094600056
1168	0.09457634587
1169	0.09454577916
1170	0.09452885678
1171	0.09450112314
1172	0.09447467721
1173	0.09444575363
1174	0.09444015248
1175	0.0944352753
1176	0.09440710244
1177	0.09436945775
1178	0.0943416546
1179	0.09431926417
1180	0.09429294654
1181	0.0942617718
1182	0.09424408045
1183	0.09422122288
1184	0.09420737134
1185	0.09418857808
1186	0.09417408625
1187	0.09414444737
1188	0.0941131809
1189	0.09409287264
1190	0.09405797182
1191	0.09402749831
1192	0.09400950686
1193	0.09400306545
1194	0.09396996941
1195	0.09393776572
1196	0.09390712393
1197	0.09388018576
1198	0.09385024879
1199	0.09384554419
1200	0.09381874553
1201	0.09378694415
1202	0.09375808895
1203	0.09374078858
1204	0.09372084439
1205	0.09370967372
1206	0.09369589446
1207	0.09368877313
1208	0.09368574004
1209	0.09366246014
1210	0.09364561912
1211	0.09362116878
1212	0.09358814399
1213	0.09356419783
1214	0.09353707763
1215	0.09351427463
1216	0.09347485467
1217	0.09345157579
1218	0.09342632502
1219	0.09339764203
1220	0.09338635682
1221	0.09335400624
1222	0.09332378087
1223	0.09329192722
1224	0.09328509566
1225	0.09326166185
1226	0.09322516187
1227	0.09320418529
1228	0.09318908756
1229	0.09316304394
1230	0.09313497566
1231	0.09310286403
1232	0.09306945938
1233	0.09304644333
1234	0.09302602398
1235	0.09300029061
1236	0.09298099056
1237	0.09296990502
1238	0.09294514938
1239	0.09293852935
1240	0.09292217045
1241	0.09291142561
1242	0.09288545062
1243	0.09286580878
1244	0.09285236767
1245	0.0928418067
1246	0.09282125067
1247	0.09279673013
1248	0.09277063046
1249	0.09274023192
1250	0.09271157611
1251	0.09269502697
1252	0.09265913669
1253	0.0926531914
1254	0.09264877475
1255	0.09262186149
1256	0.09259265076
1257	0.09256332493
1258	0.09253378707
1259	0.09251458024
1260	0.09248238266
1261	0.0924562267
1262	0.0924416622
1263	0.09242460786
1264	0.09241246425
1265	0.09240225653
1266	0.0923774923
1267	0.09236978813
1268	0.09235124284
1269	0.09234229254
1270	0.09232977161
1271	0.09230116936
1272	0.09227655735
1273	0.09224416341
1274	0.09222521348
1275	0.09218828276
1276	0.09216135483
1277	0.09214025429
1278	0.09211535239
1279	0.0920833571
1280	0.09206255841
1281	0.09205718516
1282	0.09202602878
1283	0.09200182794
1284	0.09199122739
1285	0.09196637283
1286	0.09194464434
1287	0.09191861833
1288	0.09189926076
1289	0.0918772373
1290	0.09184954835
1291	0.09182560028
1292	0.0918090068
1293	0.09179121912
1294	0.09177070062
1295	0.0917410497
1296	0.09171751353
1297	0.09168579709
1298	0.09167570359
1299	0.09165351123
1300	0.09163251512
1301	0.09160572018
1302	0.09160002795
1303	0.09157458812
1304	0.09156593729
1305	0.09155740455
1306	0.09154465641
1307	0.09153644175
1308	0.09152683314
1309	0.09149990538
1310	0.0914948395
1311	0.09146622126
1312	0.0914496034
1313	0.09142536267
1314	0.09140121895
1315	0.09137261755
1316	0.09136729513
1317	0.09135024725
1318	0.09133815422
1319	0.09132547736
1320	0.09131252429
1321	0.09128443375
1322	0.09125714331
1323	0.09123679858
1324	0.09122897794
1325	0.09121236838
1326	0.09118091136
1327	0.09116074884
1328	0.09113969781
1329	0.09111758155
1330	0.09109808434
1331	0.09107656974
1332	0.0910502355
1333	0.09102957496
1334	0.09101385297
1335	0.09100109764
1336	0.09097336212
1337	0.09096144398
1338	0.09093150119
1339	0.09091523271
1340	0.09090386615
1341	0.09088161041
1342	0.09085435501
1343	0.09082895262
1344	0.09080700007
1345	0.09077615773
1346	0.0907477953
1347	0.0907176227
1348	0.09070046775
1349	0.09068646256
1350	0.09067383619
1351	0.09066739488
1352	0.09065394124
1353	0.09063523868
1354	0.09062294837
1355	0.09059560652
1356	0.09058297772
1357	0.09055391325
1358	0.09054338354
1359	0.09054005494
1360	0.09052814822
1361	0.09052216897
1362	0.09050538192
1363	0.09048380197
1364	0.09046573757
1365	0.0904491444
1366	0.09042688713
1367	0.09041995883
1368	0.09039753579
1369	0.09037007497
1370	0.09034924765
1371	0.09032903197
1372	0.09031654377
1373	0.09030372011
1374	0.09028817312
1375	0.09027802852
1376	0.09025339351
1377	0.09023966524
1378	0.09022328384
1379	0.09020377435
1380	0.09018988637
1381	0.0901843708
1382	0.09015731974
1383	0.09013858354
1384	0.09010380576
1385	0.09009067514
1386	0.09006440467
1387	0.09004233451
1388	0.0900193229
1389	0.08998955942
1390	0.0899558753
1391	0.08994735824
1392	0.08992999565
1393	0.08991382058
1394	0.089899524
1395	0.08987714978
1396	0.08986579717
1397	0.08984035482
1398	0.08982354024
1399	0.08979427372
1400	0.08976514196
1401	0.08975367073
1402	0.08972532505
1403	0.089711432
1404	0.08969687012
1405	0.08968054865
1406	0.0896667
1407	0.08965055333
1408	0.0896294197
1409	0.0896163911
1410	0.08960317194
1411	0.08958797036
1412	0.0895686114
1413	0.08955609103
1414	0.0895474972
1415	0.08952230879
1416	0.08950256332
1417	0.08949128254
1418	0.08947739526
1419	0.08945390427
1420	0.08943442106
1421	0.08941956024
1422	0.08939273153
1423	0.08936601159
1424	0.08935809362
1425	0.08934223675
1426	0.08930869989
1427	0.08930114398
1428	0.08928449053
1429	0.08926981133
1430	0.08925881794
1431	0.08924147891
1432	0.08921957395
1433	0.08920402623
1434	0.08919276093
1435	0.08918221528
1436	0.08916300738
1437	0.08914902503
1438	0.08914358557
1439	0.08912404968
1440	0.08911321605
1441	0.08909123573
1442	0.08906509135
1443	0.08905171784
1444	0.08902912882
1445	0.08901170928
1446	0.0889979608
1447	0.08899287228
1448	0.08897296693
1449	0.08894950709
1450	0.08893108158
1451	0.08889998944
1452	0.08888185272
1453	0.08886021597
1454	0.08883243961
1455	0.08882065943
1456	0.08880811181
1457	0.08880145735
1458	0.08878512921
1459	0.08876736849
1460	0.08874688428
1461	0.08873505501
1462	0.08871712968
1463	0.08870614694
1464	0.08870127615
1465	0.08868346016
1466	0.08865909496
1467	0.08864716523
1468	0.08863566323
1469	0.08862122266
1470	0.08859205149
1471	0.08857887412
1472	0.0885623045
1473	0.0885478138
1474	0.08853502277
1475	0.08853190083
1476	0.08852112709
1477	0.08850807013
1478	0.08849251412
1479	0.08846801358
1480	0.08846284083
1481	0.08845796181
1482	0.08844805158
1483	0.0884331042
1484	0.08842889675
1485	0.08841174713
1486	0.08840263615
1487	0.08839167765
1488	0.08836782957
1489	0.08834794293
1490	0.08832370018
1491	0.08831931224
1492	0.0882925012
1493	0.08826258649
1494	0.08823715317
1495	0.08823217255
1496	0.08821168945
1497	0.08819785889
1498	0.08816983006
1499	0.08815187565
1500	0.08813831377
1501	0.0881174031
1502	0.08811232923
1503	0.08810176559
1504	0.08808984247
1505	0.08805848106
1506	0.08803134762
1507	0.08801052328
1508	0.08800070142
1509	0.08798997183
1510	0.08798508162
1511	0.08796392467
1512	0.08795748906
1513	0.08793853042
1514	0.08792448184
1515	0.08790544456
1516	0.08788793494
1517	0.08786440651
1518	0.08784216174
1519	0.08783188471
1520	0.0878170343
1521	0.08779107315
1522	0.08778282141
1523	0.08777727366
1524	0.08776572477
1525	0.08773693584
1526	0.08771220588
1527	0.08770103296
1528	0.08768176045
1529	0.08767637711
1530	0.08766685786
1531	0.08765128719
1532	0.08762917473
1533	0.08762618235
1534	0.08760111059
1535	0.08758367326
1536	0.08756192405
1537	0.08753908459
1538	0.08751990527
1539	0.08750260376
1540	0.08748387564
1541	0.08746285675
1542	0.0874459003
1543	0.0874277146
1544	0.08742308268
1545	0.08739777832
1546	0.08737934225
1547	0.08735045945
1548	0.0873291651
1549	0.08730690923
1550	0.08728707233
1551	0.08727275238
1552	0.08725458272
1553	0.08723623459
1554	0.08721371326
1555	0.08719697743
1556	0.08718541448
1557	0.08717183915
1558	0.08715252812
1559	0.08712573334
1560	0.08710474647
1561	0.08709130979
1562	0.08707946709
1563	0.08705443906
1564	0.08704793972
1565	0.08702220251
1566	0.08700559113
1567	0.08698975754
1568	0.08696614061
1569	0.08695580208
1570	0.08694214129
1571	0.0869261617
1572	0.08691601424
1573	0.08689393693
1574	0.08688278643
1575	0.08685820783
1576	0.08683746056
1577	0.08681318855
1578	0.08679910193
1579	0.08677465238
1580	0.08676170491
1581	0.08674409864
1582	0.08672101571
1583	0.08670501722
1584	0.08668248841
1585	0.08667305862
1586	0.08666751517
1587	0.0866463108
1588	0.08662343645
1589	0.08659599965
1590	0.08657719532
1591	0.08655960964
1592	0.08654713623
1593	0.08652765867
1594	0.08650899893
1595	0.08649756947
1596	0.0864692207
1597	0.08646051521
1598	0.0864540759
1599	0.08643178532
1600	0.08642405008
1601	0.0864195111
1602	0.08640976893
1603	0.08639554634
1604	0.08637125329
1605	0.08635705645
1606	0.08633848842
1607	0.08631676371
1608	0.08628952622
1609	0.08627159851
1610	0.08625393993
1611	0.08623819837
1612	0.08621385721
1613	0.08620572417
1614	0.08619024011
1615	0.08618237483
1616	0.08615738844
1617	0.0861443771
1618	0.08612500092
1619	0.08610765611
1620	0.08609754444
1621	0.08607698323
1622	0.08605338349
1623	0.08603597608
1624	0.08601536047
1625	0.08598759669
1626	0.08596372325
1627	0.08593716369
1628	0.08593049929
1629	0.08591256997
1630	0.08590582508
1631	0.08588438178
1632	0.08587653555
1633	0.0858583317
1634	0.08584402965
1635	0.08582711887
1636	0.08579858199
1637	0.08577622065
1638	0.08576971186
1639	0.08572270157
1640	0.08571842144
1641	0.08570043656
1642	0.08569124919
1643	0.08567274066
1644	0.08564967292
1645	0.08563091523
1646	0.08561369134
1647	0.08559832177
1648	0.0855784643
1649	0.0855695335
1650	0.08556443459
1651	0.0855436955
1652	0.08552837908
1653	0.08551373321
1654	0.08548650204
1655	0.08546035545
1656	0.08543847196
1657	0.08541297913
1658	0.08540099826
1659	0.08538964417
1660	0.08536851876
1661	0.08534586792
1662	0.08533597958
1663	0.08531880315
1664	0.08530080598
1665	0.08529024686
1666	0.08526970697
1667	0.08524763574
1668	0.08524054794
1669	0.08521948425
1670	0.08519609963
1671	0.08517524713
1672	0.08516023275
1673	0.08513729886
1674	0.08512750574
1675	0.08510702284
1676	0.08508424175
1677	0.08506223397
1678	0.08504455516
1679	0.08501275135
1680	0.08499610863
1681	0.08497798538
1682	0.08496491836
1683	0.08494722826
1684	0.08493476855
1685	0.08491595336
1686	0.08489299896
1687	0.08487598935
1688	0.08487136468
1689	0.08484597977
1690	0.08482470479
1691	0.08481615424
1692	0.0847954537
1693	0.08478222809
1694	0.0847772286
1695	0.08477299633
1696	0.08474435111
1697	0.08472723806
1698	0.08470580197
1699	0.08466516666
1700	0.08465575222
1701	0.08464491364
1702	0.08461889512
1703	0.08460328029
1704	0.08458643512
1705	0.08456730023
1706	0.08454815113
1707	0.08452861747
1708	0.08449981708
1709	0.08448643371
1710	0.08448225711
1711	0.08447840661
1712	0.08445848174
1713	0.08444121945
1714	0.08441655435
1715	0.08439404721
1716	0.084372439
1717	0.08436005905
1718	0.08434390058
1719	0.08433046839
1720	0.08431115587
1721	0.08429036149
1722	0.084285116
1723	0.08427236138
1724	0.08425251803
1725	0.08423359199
1726	0.08422678423
1727	0.08421555662
1728	0.08419595317
1729	0.08417301488
1730	0.08415657858
1731	0.08413906519
1732	0.08412229643
1733	0.08410292841
1734	0.08408761352
1735	0.08407001635
1736	0.08404607645
1737	0.08402941886
1738	0.08401519467
1739	0.08399533847
1740	0.08398219123
1741	0.08396418976
1742	0.08394729352
1743	0.08392338172
1744	0.0839077621
1745	0.08390429222
1746	0.08386906345
1747	0.08384836384
1748	0.08383015608
1749	0.08381333005
1750	0.08379550585
1751	0.08377916351
1752	0.08376316947
1753	0.08374240966
1754	0.08373763158
1755	0.08372923016
1756	0.0837095094
1757	0.08368964031
1758	0.08367367746
1759	0.08365991409
1760	0.08364081073
1761	0.08362022477
1762	0.0836053129
1763	0.08359563089
1764	0.08358980585
1765	0.08356760529
1766	0.08355006498
1767	0.08352719325
1768	0.08351542585
1769	0.08349379316
1770	0.08347154881
1771	0.08345446902
1772	0.08343501858
1773	0.08341921686
1774	0.08340162526
1775	0.08338986355
1776	0.0833729579
1777	0.0833489755
1778	0.08334537416
1779	0.08332748927
1780	0.08330933195
1781	0.08329039531
1782	0.08326695829
1783	0.08325151329
1784	0.08324509247
1785	0.08323081344
1786	0.08322446988
1787	0.08320336158
1788	0.08318868312
1789	0.08318415718
1790	0.08317026828
1791	0.08315693725
1792	0.08314155963
1793	0.08312342661
1794	0.08310510435
1795	0.08309064151
1796	0.08307570547
1797	0.0830724633
1798	0.08305649883
1799	0.08303662824
1800	0.08301592201
1801	0.08300143696
1802	0.08298172555
1803	0.08297766816
1804	0.082958792
1805	0.08294171612
1806	0.08293094088
1807	0.08291252625
1808	0.08288086225
1809	0.0828669103
1810	0.08285091167
1811	0.08283032973
1812	0.0828114807
1813	0.08280022965
1814	0.08278277878
1815	0.08276602744
1816	0.08274764638
1817	0.08274408047
1818	0.0827259599
1819	0.08270857992
1820	0.08269404801
1821	0.08268650402
1822	0.08266460004
1823	0.08264802678
1824	0.08263018057
1825	0.08261531739
1826	0.0825987957
1827	0.08257940304
1828	0.08256238325
1829	0.08252616064
1830	0.08250877445
1831	0.0824896299
1832	0.08247509301
1833	0.08245240452
1834	0.08243506104
1835	0.08240177668
1836	0.08237725839
1837	0.08237404426
1838	0.08235827761
1839	0.08234254429
1840	0.0823178827
1841	0.08229947896
1842	0.08227838523
1843	0.08226355705
1844	0.08225991816
1845	0.08223908573
1846	0.0822235152
1847	0.08220552501
1848	0.08218998051
1849	0.08216747351
1850	0.08215305279
1851	0.08213141647
1852	0.08211475474
1853	0.0820966365
1854	0.08207463335
1855	0.08205910895
1856	0.08204006389
1857	0.08202183525
1858	0.08201065415
1859	0.08199570229
1860	0.0819803408
1861	0.08195949025
1862	0.08194960121
1863	0.08192408018
1864	0.08190958805
1865	0.08190443428
1866	0.08188890704
1867	0.08188537401
1868	0.08188185264
1869	0.08186824392
1870	0.0818534731
1871	0.08182870331
1872	0.08181313722
1873	0.08179645117
1874	0.08179296882
1875	0.08177046012
1876	0.08175945665
1877	0.08172236958
1878	0.08170658906
1879	0.08168721994
1880	0.08166211158
1881	0.08164377578
1882	0.08163022339
1883	0.08161201328
1884	0.08159789555
1885	0.08157852326
1886	0.08156533465
1887	0.08155007817
1888	0.08154302565
1889	0.08152793794
1890	0.08152544591
1891	0.08151424735
1892	0.08147980015
1893	0.08147597599
1894	0.08146439996
1895	0.08144596715
1896	0.08142498237
1897	0.08140897492
1898	0.08139430139
1899	0.08138143931
1900	0.08136563841
1901	0.08134586621
1902	0.08132482163
1903	0.0813214195
1904	0.08129184993
1905	0.08126858407
1906	0.08124818024
1907	0.08122449507
1908	0.08122126774
1909	0.08120692805
1910	0.08119583543
1911	0.0811824851
1912	0.08117477646
1913	0.08115105643
1914	0.08114039783
1915	0.08111872985
1916	0.08111628915
1917	0.08111200637
1918	0.08109045816
1919	0.08107076655
1920	0.08105506064
1921	0.08103228717
1922	0.08100930583
1923	0.08099175199
1924	0.08098589757
1925	0.08096546672
1926	0.08094902492
1927	0.08094660891
1928	0.08093350337
1929	0.08092194029
1930	0.0808919362
1931	0.08086736637
1932	0.08085098286
1933	0.08083206612
1934	0.08080222505
1935	0.08077079067
1936	0.08075070958
1937	0.08074739335
1938	0.0807261546
1939	0.08071399296
1940	0.08069480202
1941	0.08067756144
1942	0.08067445623
1943	0.08065738371
1944	0.08063278923
1945	0.08061393668
1946	0.08060106458
1947	0.08058715309
1948	0.08057234709
1949	0.08054950326
1950	0.08052617003
1951	0.08051325676
1952	0.08051013496
1953	0.08049057803
1954	0.08048560636
1955	0.08048246052
1956	0.08047119946
1957	0.08045169332
1958	0.08041774909
1959	0.08039957958
1960	0.08037896129
1961	0.08036610973
1962	0.08034540059
1963	0.08033236599
1964	0.08031933383
1965	0.08030273638
1966	0.080293907
1967	0.08027399261
1968	0.08026458417
1969	0.08024702758
1970	0.08022625596
1971	0.08021153446
1972	0.08020858044
1973	0.08019356121
1974	0.08017417834
1975	0.08015646274
1976	0.08013738816
1977	0.08011682036
1978	0.08009803997
1979	0.08008791898
1980	0.08006403852
1981	0.08005042652
1982	0.08003247073
1983	0.08002962252
1984	0.08001108571
1985	0.07999620267
1986	0.07996385056
1987	0.07994940031
1988	0.0799336757
1989	0.07991776379
1990	0.07990969745
1991	0.07989345984
1992	0.07987606931
1993	0.07985660499
1994	0.07982428439
1995	0.07981029703
1996	0.07979271131
1997	0.07978957754
1998	0.0797654524
1999	0.07973990121
2000	0.07971364559
2001	0.07971014077
2002	0.07969019273
2003	0.07967751836
2004	0.07966078738
2005	0.07964702943
2006	0.07962592164
2007	0.07960397452
2008	0.07958343885
2009	0.07956766508
2010	0.07955133431
2011	0.07954843472
2012	0.07952809632
2013	0.07952502506
2014	0.07950882837
2015	0.07949487479
2016	0.07949207962
2017	0.07947245121
2018	0.07945643588
2019	0.07943863652
2020	0.07943314326
2021	0.07941922897
2022	0.07939828293
2023	0.07938419678
2024	0.07937068135
2025	0.07935515692
2026	0.07934061615
2027	0.07932877253
2028	0.07932579738
2029	0.07930685357
2030	0.07928176211
2031	0.07926253604
2032	0.07924847527
2033	0.07922759113
2034	0.07921639551
2035	0.07921350302
2036	0.07920341966
2037	0.07918855732
2038	0.0791707101
2039	0.07916773017
2040	0.07915303449
2041	0.07914012958
2042	0.07912981436
2043	0.07912267714
2044	0.07910556304
2045	0.07908868101
2046	0.07907597249
2047	0.0790443026
2048	0.07902398223
2049	0.07900442078
2050	0.07899318229
2051	0.07898676048
2052	0.07897310227
2053	0.07896291043
2054	0.0789505939
2055	0.07893786488
2056	0.07892269886
2057	0.07890446722
2058	0.07888758944
2059	0.07887331286
2060	0.07885836066
2061	0.07884830293
2062	0.07883822468
2063	0.07882392366
2064	0.07880576962
2065	0.07879115508
2066	0.07877700326
2067	0.07876900501
2068	0.07876607431
2069	0.07875108636
2070	0.07873186377
2071	0.078711407
2072	0.07868054552
2073	0.07865753412
2074	0.07864495605
2075	0.07862696722
2076	0.07860698141
2077	0.07858824632
2078	0.07857423675
2079	0.07856057167
2080	0.07855779396
2081	0.07854562409
2082	0.07854284137
2083	0.07852908191
2084	0.07850963696
2085	0.0784941388
2086	0.07847642063
2087	0.07846629395
2088	0.07845008571
2089	0.07844232135
2090	0.07842217223
2091	0.07840123061
2092	0.07839720191
2093	0.07838257998
2094	0.07837039729
2095	0.07834703734
2096	0.07833035013
2097	0.07831086679
2098	0.07829528636
2099	0.07826495445
2100	0.07824574456
2101	0.07823774439
2102	0.07822373715
2103	0.07821204717
2104	0.07819788308
2105	0.07817731143
2106	0.07817024278
2107	0.07816039763
2108	0.07814099976
2109	0.07812300106
2110	0.07810891467
2111	0.07809770114
2112	0.07808400308
2113	0.0780748406
2114	0.07807266024
2115	0.07806987983
2116	0.07806074086
2117	0.0780430902
2118	0.07803288442
2119	0.07803072237
2120	0.0780131213
2121	0.07799552194
2122	0.07796550502
2123	0.07795699083
2124	0.07795322906
2125	0.07793456109
2126	0.07791473367
2127	0.07790703034
2128	0.07789552273
2129	0.07788210214
2130	0.0778686989
2131	0.07785499995
2132	0.07784105858
2133	0.07782180926
2134	0.07781042561
2135	0.07779044021
2136	0.07777746751
2137	0.07774762562
2138	0.07771832617
2139	0.0777006274
2140	0.0776858896
2141	0.07767248986
2142	0.07765347601
2143	0.07763273784
2144	0.07761216219
2145	0.07760194916
2146	0.07758873986
2147	0.07757248271
2148	0.07756424721
2149	0.07755264553
2150	0.07753763787
2151	0.07752451653
2152	0.07750216114
2153	0.0774994461
2154	0.07749310273
2155	0.07748460969
2156	0.07745872556
2157	0.07744361395
2158	0.07743409384
2159	0.07742323423
2160	0.07741724095
2161	0.07740759713
2162	0.07738915536
2163	0.07736909658
2164	0.07735084679
2165	0.07733518557
2166	0.07731663317
2167	0.07730211442
2168	0.0772834955
2169	0.07727040619
2170	0.07725031998
2171	0.07723192252
2172	0.07721496082
2173	0.07720698318
2174	0.07718632748
2175	0.0771745803
2176	0.07716043949
2177	0.0771488604
2178	0.07713232837
2179	0.07710694299
2180	0.07708488843
2181	0.07708224145
2182	0.0770711913
2183	0.07705546698
2184	0.0770500588
2185	0.07703863282
2186	0.07702179417
2187	0.07701406588
2188	0.07699990556
2189	0.07699752755
2190	0.07697945997
2191	0.07695810641
2192	0.07693942808
2193	0.07692412605
2194	0.07690714116
2195	0.07690461573
2196	0.076886036
2197	0.07687132037
2198	0.07685261132
2199	0.07684068364
2200	0.07682615551
2201	0.07681228984
2202	0.07679808604
2203	0.07678507748
2204	0.07677579563
2205	0.07677373803
2206	0.07675431275
2207	0.07674018013
2208	0.07672929133
2209	0.0767243103
2210	0.07670541312
2211	0.07669351715
2212	0.07668577647
2213	0.07667039612
2214	0.07665696541
2215	0.07663805431
2216	0.07662225106
2217	0.07661207131
2218	0.07659422965
2219	0.07658149045
2220	0.07656973859
2221	0.07655427967
2222	0.07653867744
2223	0.07651826974
2224	0.07649613897
2225	0.07647828615
2226	0.07645781881
2227	0.07644566579
2228	0.07644313141
2229	0.07641465546
2230	0.07639378283
2231	0.07637386992
2232	0.07637124038
2233	0.0763513188
2234	0.07633122111
2235	0.07632101521
2236	0.07630258752
2237	0.07629017055
2238	0.07626367272
2239	0.07625113805
2240	0.07623652319
2241	0.07621723624
2242	0.07619333719
2243	0.07617908677
2244	0.07616049625
2245	0.07614891306
2246	0.07612276127
2247	0.07610870451
2248	0.07609840175
2249	0.07609078863
2250	0.07608585803
2251	0.07607334359
2252	0.0760564027
2253	0.07603887683
2254	0.07602165902
2255	0.07601425481
2256	0.07599843599
2257	0.07597937318
2258	0.07596958754
2259	0.07595569694
2260	0.07593337013
2261	0.07591253424
2262	0.07589488658
2263	0.07587872926
2264	0.07585917062
2265	0.07584539264
2266	0.07582803094
2267	0.07581667479
2268	0.07580253934
2269	0.07579057325
2270	0.07577571798
2271	0.07577350708
2272	0.07575637478
2273	0.07574545194
2274	0.07574300868
2275	0.07573003221
2276	0.07571231494
2277	0.07569108845
2278	0.07567470948
2279	0.07566653204
2280	0.07565920747
2281	0.0756381575
2282	0.07562645913
2283	0.0756239628
2284	0.07560947425
2285	0.07559960723
2286	0.07558167382
2287	0.07557790841
2288	0.07555884112
2289	0.07554375783
2290	0.07552785101
2291	0.07550671969
2292	0.07550304314
2293	0.07548634067
2294	0.07547171939
2295	0.07545090418
2296	0.07543650381
2297	0.07541747566
2298	0.07540286329
2299	0.07538609741
2300	0.0753744658
2301	0.07535858547
2302	0.07534694415
2303	0.07534494011
2304	0.07532931763
2305	0.07531427126
2306	0.07528981776
2307	0.07527319023
2308	0.07525010139
2309	0.07523597445
2310	0.07522491362
2311	0.07522151586
2312	0.07521373069
2313	0.07520550365
2314	0.07520357555
2315	0.07519298886
2316	0.07519057647
2317	0.07517217092
2318	0.07515891254
2319	0.07514249161
2320	0.07512710996
2321	0.07511105619
2322	0.07510903895
2323	0.07509357537
2324	0.07508359221
2325	0.07507921517
2326	0.07505658377
2327	0.07504381668
2328	0.07503009913
2329	0.07500762081
2330	0.07498587959
2331	0.0749718319
2332	0.07495772232
2333	0.0749503619
2334	0.0749330003
2335	0.07491681907
2336	0.07490510968
2337	0.07488987444
2338	0.07487480976
2339	0.07486057621
2340	0.07484903943
2341	0.07483383343
2342	0.07482157523
2343	0.07480981242
2344	0.07479640331
2345	0.07478468708
2346	0.07477524518
2347	0.07475745533
2348	0.07475511191
2349	0.07475280511
2350	0.07473728257
2351	0.0747350367
2352	0.07471486387
2353	0.07470029054
2354	0.07469399505
2355	0.07467644841
2356	0.07466204268
2357	0.07465074796
2358	0.07463657693
2359	0.07462485022
2360	0.07461300851
2361	0.07460081751
2362	0.07458664766
2363	0.07457414787
2364	0.07455700409
2365	0.07454451619
2366	0.07454224843
2367	0.07452999552
2368	0.07451475403
2369	0.0745019185
2370	0.07448807934
2371	0.07448086016
2372	0.07446417431
2373	0.07444889721
2374	0.0744351785
2375	0.07441551028
2376	0.07439985814
2377	0.07438504491
2378	0.07436674919
2379	0.07435445564
2380	0.07434261313
2381	0.07433720442
2382	0.07432026203
2383	0.07430922487
2384	0.07430052174
2385	0.07428871014
2386	0.07428049256
2387	0.07425731568
2388	0.0742554806
2389	0.07424229567
2390	0.07423386988
2391	0.07421936314
2392	0.07420753617
2393	0.07419623408
2394	0.07417524624
2395	0.07416623688
2396	0.07414808583
2397	0.07412946987
2398	0.07410748753
2399	0.07410163557
2400	0.07408691174
2401	0.07406119335
2402	0.07405906105
2403	0.0740572434
2404	0.07404642469
2405	0.07403519543
2406	0.07401937928
2407	0.07400035766
2408	0.07399330089
2409	0.07397988759
2410	0.07396269473
2411	0.07395503105
2412	0.07394408794
2413	0.07393337401
2414	0.07393016343
2415	0.07392074681
2416	0.0739189001
2417	0.07390245629
2418	0.07388734001
2419	0.07386480242
2420	0.07384893066
2421	0.07384042772
2422	0.07382726998
2423	0.07381429891
2424	0.07379497249
2425	0.07379275204
2426	0.07378023515
2427	0.07376326264
2428	0.07374926533
2429	0.07374747717
2430	0.07373519431
2431	0.07370998944
2432	0.07369519386
2433	0.07369216064
2434	0.07368114276
2435	0.07366900145
2436	0.07365762676
2437	0.07363369002
2438	0.07360761888
2439	0.07359063623
2440	0.07358366766
2441	0.07357238312
2442	0.07355790843
2443	0.07354733719
2444	0.07353584541
2445	0.07351530889
2446	0.07350300795
2447	0.07349354852
2448	0.07348105114
2449	0.07346155062
2450	0.07344347565
2451	0.07343387843
2452	0.07341609979
2453	0.07340281466
2454	0.07339101664
2455	0.07338410301
2456	0.0733670901
2457	0.07336526596
2458	0.07335462766
2459	0.07334632045
2460	0.07333461001
2461	0.07332328153
2462	0.07330417406
2463	0.07329332714
2464	0.07329151378
2465	0.07328059444
2466	0.07327878118
2467	0.07326610351
2468	0.07326400011
2469	0.07325301582
2470	0.0732355467
2471	0.07322477105
2472	0.07321746748
2473	0.07320557296
2474	0.07318754487
2475	0.07316423022
2476	0.07315051623
2477	0.07313420295
2478	0.07312446315
2479	0.07311677942
2480	0.07309878486
2481	0.07307988607
2482	0.07307446599
2483	0.0730514847
2484	0.07304770256
2485	0.07302801542
2486	0.07301650416
2487	0.07300477961
2488	0.07298437855
2489	0.0729670296
2490	0.07294615511
2491	0.07292870391
2492	0.07291267944
2493	0.07289552823
2494	0.07287086435
2495	0.07285214271
2496	0.07284540839
2497	0.07283248894
2498	0.07281496985
2499	0.07281320477
2500	0.07280270578
2501	0.07280092969
2502	0.0727888084
2503	0.07277054334
2504	0.07275809366
2505	0.07273167645
2506	0.0727145781
2507	0.07269820919
2508	0.072685948
2509	0.07266893532
2510	0.07265343695
2511	0.07264443124
2512	0.07263504486
2513	0.07262696176
2514	0.07261831216
2515	0.07259634914
2516	0.07258958039
2517	0.07257735723
2518	0.07255880119
2519	0.07254229309
2520	0.07253076179
2521	0.07251732936
2522	0.07250562896
2523	0.0724927385
2524	0.07247866831
2525	0.07246774551
2526	0.07245196232
2527	0.07244081848
2528	0.072412628
2529	0.07240078528
2530	0.07239891887
2531	0.07238578833
2532	0.07237310136
2533	0.07235622103
2534	0.07234298472
2535	0.07232524948
2536	0.07231999537
2537	0.0723031074
2538	0.07228705538
2539	0.07227613197
2540	0.07227443162
2541	0.0722587794
2542	0.07224937257
2543	0.07224728394
2544	0.07224532541
2545	0.07223067278
2546	0.07221927719
2547	0.07219778961
2548	0.07218007873
2549	0.07217236831
2550	0.07216552882
2551	0.07215124623
2552	0.07213399793
2553	0.07211994527
2554	0.07211653288
2555	0.07211118925
2556	0.07210950281
2557	0.07209775163
2558	0.07208476691
2559	0.07207771813
2560	0.07206145611
2561	0.07205383042
2562	0.07204190819
2563	0.07202670827
2564	0.07202230505
2565	0.07201582027
2566	0.07200551817
2567	0.07199414367
2568	0.07198596147
2569	0.07198133123
2570	0.07196257151
2571	0.0719440597
2572	0.07192216797
2573	0.07190815539
2574	0.07188819123
2575	0.07187797823
2576	0.07186379294
2577	0.07186101302
2578	0.07185211735
2579	0.07184134261
2580	0.0718249384
2581	0.07181251401
2582	0.07179771616
2583	0.07178515583
2584	0.07177480229
2585	0.07175745344
2586	0.07173747915
2587	0.07171248904
2588	0.07169862552
2589	0.07168399968
2590	0.07167052101
2591	0.071651826
2592	0.07164982299
2593	0.0716391178
2594	0.07162619039
2595	0.07160214135
2596	0.07160016733
2597	0.07157370236
2598	0.07155024605
2599	0.07153090101
2600	0.07152685749
2601	0.07151895757
2602	0.07150765559
2603	0.07148216832
2604	0.07146837663
2605	0.07145349349
2606	0.0714459116
2607	0.07143740449
2608	0.07143544033
2609	0.07141188228
2610	0.07138591444
2611	0.0713728189
2612	0.07136471217
2613	0.0713503395
2614	0.07134111305
2615	0.07133145161
2616	0.07132053183
2617	0.07130492272
2618	0.07130030829
2619	0.0712862857
2620	0.07127361058
2621	0.07124678623
2622	0.0712353736
2623	0.07122213952
2624	0.0711935172
2625	0.0711870822
2626	0.07117373868
2627	0.07116304358
2628	0.07116032976
2629	0.07114519689
2630	0.07112551706
2631	0.0711139497
2632	0.07110534246
2633	0.07108790588
2634	0.07107502248
2635	0.07105804002
2636	0.07104475209
2637	0.07102845703
2638	0.07102671928
2639	0.0710013325
2640	0.07099106041
2641	0.07096832515
2642	0.07094580545
2643	0.07093072124
2644	0.07091362641
2645	0.07090061285
2646	0.07088966995
2647	0.07087912833
2648	0.07086356679
2649	0.07084888851
2650	0.07084437969
2651	0.07083643491
2652	0.07082229488
2653	0.0708122043
2654	0.07080461161
2655	0.07079399214
2656	0.07078425976
2657	0.070768861
2658	0.07075658181
2659	0.07074407224
2660	0.07073325767
2661	0.0707199768
2662	0.07070422575
2663	0.0706961918
2664	0.07068644957
2665	0.07067364152
2666	0.07066346517
2667	0.07065250486
2668	0.07065056988
2669	0.07063975299
2670	0.07062345594
2671	0.07060919916
2672	0.07059873043
2673	0.07059396899
2674	0.07057483086
2675	0.07056812603
2676	0.07055203703
2677	0.07054193714
2678	0.07052630286
2679	0.07051117631
2680	0.07049444163
2681	0.07049256611
2682	0.07047336508
2683	0.07045636696
2684	0.07044816313
2685	0.07043832451
2686	0.07042881319
2687	0.07041754931
2688	0.07040498106
2689	0.07040329902
2690	0.0703872762
2691	0.07037150019
2692	0.07035750775
2693	0.07035588531
2694	0.07033845344
2695	0.07032433241
2696	0.07031554566
2697	0.07030374806
2698	0.07029060347
2699	0.07028906101
2700	0.07027411817
2701	0.0702620055
2702	0.07023974227
2703	0.0702152591
2704	0.07021278143
2705	0.07019695652
2706	0.07017783205
2707	0.07016851966
2708	0.07015382366
2709	0.07014758096
2710	0.07013497311
2711	0.07012547428
2712	0.07012413623
2713	0.07010807438
2714	0.07009923631
2715	0.07008940247
2716	0.07007935523
2717	0.0700631379
2718	0.07004985174
2719	0.07003930368
2720	0.0700377441
2721	0.07003619238
2722	0.07002442344
2723	0.07002290241
2724	0.0700095078
2725	0.0699896899
2726	0.0699773286
2727	0.06996140946
2728	0.06996006154
2729	0.06995047196
2730	0.06993691517
2731	0.06992114303
2732	0.069907467
2733	0.06990583424
2734	0.06988486462
2735	0.06987028928
2736	0.06985354547
2737	0.06984059365
2738	0.06983905263
2739	0.06983743169
2740	0.06982095355
2741	0.06980662726
2742	0.06978799707
2743	0.06977688982
2744	0.0697640959
2745	0.0697529435
2746	0.06973734398
2747	0.06972957681
2748	0.06971683201
2749	0.06970471768
2750	0.06969369259
2751	0.069681509
2752	0.06966624393
2753	0.06965281358
2754	0.06965071362
2755	0.06964890261
2756	0.06964736773
2757	0.06963628766
2758	0.06963224906
2759	0.06961647206
2760	0.06960115145
2761	0.06959875353
2762	0.06958469374
2763	0.06956829757
2764	0.06956554262
2765	0.06955446022
2766	0.0695325998
2767	0.06952013318
2768	0.06950778673
2769	0.06949415924
2770	0.06948298228
2771	0.06948024111
2772	0.06947383006
2773	0.06945439946
2774	0.0694431306
2775	0.0694326969
2776	0.06941049828
2777	0.06939112759
2778	0.06938233822
2779	0.06937553924
2780	0.06937415521
2781	0.06936407263
2782	0.06935616027
2783	0.06934459577
2784	0.06933393244
2785	0.06931993294
2786	0.0693119481
2787	0.06930162478
2788	0.06928061394
2789	0.06925913548
2790	0.06924357564
2791	0.06923181143
2792	0.06921581117
2793	0.06920351691
2794	0.06919008057
2795	0.06918085726
2796	0.06917144522
2797	0.06916919355
2798	0.06916100397
2799	0.06914745557
2800	0.06914144669
2801	0.06913149114
2802	0.06912097638
2803	0.06910998624
2804	0.06909455795
2805	0.06908432739
2806	0.06908284912
2807	0.06907020514
2808	0.06906455915
2809	0.06905538541
2810	0.06904004173
2811	0.06903140925
2812	0.06901507607
2813	0.06900065151
2814	0.06898319898
2815	0.06896999889
2816	0.06896123397
2817	0.06895344844
2818	0.06895175966
2819	0.06893721249
2820	0.06892728402
2821	0.06892099323
2822	0.06890113263
2823	0.06888274287
2824	0.06886956848
2825	0.06885728443
2826	0.0688439332
2827	0.06883518926
2828	0.06882396222
2829	0.06881117445
2830	0.0687931539
2831	0.06879162287
2832	0.06877971571
2833	0.06876890469
2834	0.06875028425
2835	0.06874472586
2836	0.06872411406
2837	0.06872171209
2838	0.06870088196
2839	0.06868675578
2840	0.06867584431
2841	0.06867360533
2842	0.06866113821
2843	0.06865578367
2844	0.06864857064
2845	0.06863710336
2846	0.06862365166
2847	0.06861476231
2848	0.06860027042
2849	0.06858642255
2850	0.06857468508
2851	0.06856120422
2852	0.06854962802
2853	0.06853258292
2854	0.06852215603
2855	0.06851457667
2856	0.06850677372
2857	0.06850420072
2858	0.06849420097
2859	0.06848601526
2860	0.06847573493
2861	0.06846601239
2862	0.06845757363
2863	0.06844707525
2864	0.06843668892
2865	0.06841924159
2866	0.06840298756
2867	0.06839052557
2868	0.06837758665
2869	0.06837406611
2870	0.06836335588
2871	0.06835029904
2872	0.06833982173
2873	0.06832599303
2874	0.06831626101
2875	0.06831484825
2876	0.0683035189
2877	0.06829462987
2878	0.06828407088
2879	0.06827030028
2880	0.06826005821
2881	0.0682512095
2882	0.06823949005
2883	0.06823176828
2884	0.06822614597
2885	0.06821543452
2886	0.06820599584
2887	0.06819478506
2888	0.06818422799
2889	0.06818041669
2890	0.06817105941
2891	0.06815950499
2892	0.06814183996
2893	0.06813110038
2894	0.06812138342
2895	0.06811112936
2896	0.06809984658
2897	0.06808682355
2898	0.06806842777
2899	0.0680593574
2900	0.0680486534
2901	0.06802818472
2902	0.06801547713
2903	0.0680086728
2904	0.06799672928
2905	0.06799512861
2906	0.06798924933
2907	0.06797470408
2908	0.06796328224
2909	0.06795664604
2910	0.06794399225
2911	0.06793084152
2912	0.06791856486
2913	0.06791526814
2914	0.06790488965
2915	0.06789442636
2916	0.06788980902
2917	0.06788794945
2918	0.06787848927
2919	0.06785679557
2920	0.06784863031
2921	0.06783342073
2922	0.06781953576
2923	0.06781845503
2924	0.06780544434
2925	0.06779901049
2926	0.06778549001
2927	0.06776995439
2928	0.06775776127
2929	0.06773912131
2930	0.06772923152
2931	0.0677178946
2932	0.06771647535
2933	0.06770167496
2934	0.06769627932
2935	0.067686399
2936	0.06767472321
2937	0.06764784563
2938	0.06764605213
2939	0.06764176467
2940	0.06763655219
2941	0.06762487802
2942	0.06761370814
2943	0.06760095495
2944	0.06759359253
2945	0.06757955841
2946	0.06756147875
2947	0.06754978514
2948	0.06753811309
2949	0.06751840045
2950	0.067506062
2951	0.06749721616
2952	0.06748219038
2953	0.06746863032
2954	0.06744856647
2955	0.0674347281
2956	0.06742220544
2957	0.06740832928
2958	0.06739923987
2959	0.06739123105
2960	0.06738156011
2961	0.06738014506
2962	0.06737670744
2963	0.06736621289
2964	0.0673525863
2965	0.06734114647
2966	0.06733286517
2967	0.06732440959
2968	0.06730570923
2969	0.06729852832
2970	0.06729151649
2971	0.06727630743
2972	0.06726666494
2973	0.06726308095
2974	0.06725885983
2975	0.0672484301
2976	0.06724149163
2977	0.06723990486
2978	0.06723857629
2979	0.06722038018
2980	0.06720980531
2981	0.06719422851
2982	0.0671801993
2983	0.06716950084
2984	0.06715864001
2985	0.0671490524
2986	0.06714687908
2987	0.06713373625
2988	0.06711206663
2989	0.06709619974
2990	0.06708766518
2991	0.06707887348
2992	0.06706861127
2993	0.06705307471
2994	0.06704371054
2995	0.06702831078
2996	0.06701612134
2997	0.06700606855
2998	0.0669911944
2999	0.0669819066
3000	0.06698039711
3001	0.06696757257
3002	0.06695742796
3003	0.0669455296
3004	0.06693034436
3005	0.06691349057
3006	0.06690425862
3007	0.06688526391
3008	0.06687354599
3009	0.06686566805
3010	0.06686303682
3011	0.06684722818
3012	0.06683563516
3013	0.06682043562
3014	0.06681204604
3015	0.06681081044
3016	0.06679835964
3017	0.06678287674
3018	0.06677254443
3019	0.06675921606
3020	0.06675005587
3021	0.06673941905
3022	0.06673160811
3023	0.06673070413
3024	0.06671265829
3025	0.06671131653
3026	0.06668552026
3027	0.06667225611
3028	0.06665920871
3029	0.06665006021
3030	0.06663606062
3031	0.06663411104
3032	0.06662615542
3033	0.06661590647
3034	0.06660217614
3035	0.06659118604
3036	0.06656736469
3037	0.06655712298
3038	0.06655565387
3039	0.06655460661
3040	0.06654183294
3041	0.06652692381
3042	0.06652553852
3043	0.06651440318
3044	0.06649920265
3045	0.0664914573
3046	0.06649034073
3047	0.06648569324
3048	0.0664761735
3049	0.06646801166
3050	0.06645740177
3051	0.06644552067
3052	0.06643447008
3053	0.06642835427
3054	0.06642699679
3055	0.06641385915
3056	0.06639759558
3057	0.06638528664
3058	0.06637771823
3059	0.06635907698
3060	0.06634456033
3061	0.06633584952
3062	0.0663239363
3063	0.06631481772
3064	0.06630696242
3065	0.06630562325
3066	0.06630449382
3067	0.06630310093
3068	0.06629181735
3069	0.06629027383
3070	0.06626062864
3071	0.0662538181
3072	0.06625031917
3073	0.06623502398
3074	0.06622433675
3075	0.06621219822
3076	0.06620165685
3077	0.0661904197
3078	0.06617850775
3079	0.06616958038
3080	0.06616825125
3081	0.0661549706
3082	0.06614548899
3083	0.06613252162
3084	0.06611479756
3085	0.06611179757
3086	0.06609371118
3087	0.06608233493
3088	0.0660799084
3089	0.06606844199
3090	0.06606549528
3091	0.06605261065
3092	0.0660440425
3093	0.06603196197
3094	0.0660306391
3095	0.06602266336
3096	0.06602079229
3097	0.06601143233
3098	0.06601011751
3099	0.06599717891
3100	0.0659852015
3101	0.06597361886
3102	0.0659610889
3103	0.06594881488
3104	0.06593692989
3105	0.06592922126
3106	0.06592620004
3107	0.06591024466
3108	0.0658947689
3109	0.06588277323
3110	0.06587067448
3111	0.06585608867
3112	0.06585478742
3113	0.06584333899
3114	0.06584174948
3115	0.0658328862
3116	0.06581694963
3117	0.06580174151
3118	0.0657879422
3119	0.06578029471
3120	0.0657652191
3121	0.0657584317
3122	0.06574764908
3123	0.06573242027
3124	0.06572130511
3125	0.06570960959
3126	0.06570153539
3127	0.06569954808
3128	0.06569120733
3129	0.06567607845
3130	0.06566717866
3131	0.06565795003
3132	0.06564607431
3133	0.06564342053
3134	0.06564015016
3135	0.06562868637
3136	0.06561011908
3137	0.06559606301
3138	0.06558486439
3139	0.06557480573
3140	0.06557238056
3141	0.06556362165
3142	0.06555436599
3143	0.06554708365
3144	0.0655360466
3145	0.06552507785
3146	0.06551428161
3147	0.06549954052
3148	0.06548166751
3149	0.06547192529
3150	0.06546933256
3151	0.06545584641
3152	0.06544553445
3153	0.0654368484
3154	0.06542368243
3155	0.06541536207
3156	0.06540291981
3157	0.06539855004
3158	0.0653878005
3159	0.06536878138
3160	0.06536342986
3161	0.06535247641
3162	0.06534502302
3163	0.06534379962
3164	0.06532684764
3165	0.0653240528
3166	0.06531300562
3167	0.06531185742
3168	0.06529874214
3169	0.06529045941
3170	0.06528308112
3171	0.06527443045
3172	0.06526597115
3173	0.06525567414
3174	0.0652448983
3175	0.06523756859
3176	0.06521767802
3177	0.06520819929
3178	0.06519918936
3179	0.06518649296
3180	0.06518524486
3181	0.06518393763
3182	0.06518285613
3183	0.06518162057
3184	0.06516295416
3185	0.06514974402
3186	0.06513832187
3187	0.06512831045
3188	0.06511321014
3189	0.06510264397
3190	0.06509087004
3191	0.06508015982
3192	0.06506862137
3193	0.06505329955
3194	0.0650426307
3195	0.06502794489
3196	0.06501685063
3197	0.06500529744
3198	0.06500212294
3199	0.06498453025
3200	0.06497042845
3201	0.06496527677
3202	0.06495795605
3203	0.06494654944
3204	0.06492823759
3205	0.06491418958
3206	0.06490294792
3207	0.06489589101
3208	0.06488590618
3209	0.06487644918
3210	0.06486711516
3211	0.06485571914
3212	0.06484374312
3213	0.06483438856
3214	0.06482096684
3215	0.06481345415
3216	0.06479098968
3217	0.06477296085
3218	0.06476172699
3219	0.06475197675
3220	0.06474067205
3221	0.06473067904
3222	0.06471829827
3223	0.06470491448
3224	0.06469691432
3225	0.06469587552
3226	0.06468134068
3227	0.06468012441
3228	0.06467331227
3229	0.06466514047
3230	0.06465395942
3231	0.06464168224
3232	0.06462995651
3233	0.06462255813
3234	0.06461124539
3235	0.06459679978
3236	0.06459223165
3237	0.06458233967
3238	0.06456864519
3239	0.06455547676
3240	0.06454280185
3241	0.06454157918
3242	0.06453979039
3243	0.06452840592
3244	0.06451478815
3245	0.06450780269
3246	0.0644964947
3247	0.06449340499
3248	0.06448203026
3249	0.06447173628
3250	0.06447021226
3251	0.06445922404
3252	0.06445131558
3253	0.06444068693
3254	0.06443817919
3255	0.06442620838
3256	0.06441812037
3257	0.06440224072
3258	0.06439473278
3259	0.06438599001
3260	0.06436955762
3261	0.06436819525
3262	0.0643542317
3263	0.06434255284
3264	0.06433423128
3265	0.06432642903
3266	0.06431258248
3267	0.06429847178
3268	0.06428748046
3269	0.06427434772
3270	0.06427226139
3271	0.06426523947
3272	0.06426382677
3273	0.06425482581
3274	0.06424674627
3275	0.06423630138
3276	0.06421923103
3277	0.06421174805
3278	0.06420884171
3279	0.06419693551
3280	0.06418632716
3281	0.06417936202
3282	0.06416590877
3283	0.06414854687
3284	0.06414709027
3285	0.06413491947
3286	0.06413260004
3287	0.06411725558
3288	0.06410517121
3289	0.0641038702
3290	0.0640875968
3291	0.06407078953
3292	0.06405733997
3293	0.06404615189
3294	0.06403470161
3295	0.06402013476
3296	0.06400739853
3297	0.06400105811
3298	0.06398498529
3299	0.0639748674
3300	0.06395878978
3301	0.06394341788
3302	0.06393247991
3303	0.06392167239
3304	0.06390901556
3305	0.06389130254
3306	0.06388417486
3307	0.06387601423
3308	0.06386026598
3309	0.06384273159
3310	0.06382632303
3311	0.06381683504
3312	0.06380032623
3313	0.06379586673
3314	0.0637847617
3315	0.06377466574
3316	0.06376372769
3317	0.06375772783
3318	0.06374034941
3319	0.06373115488
3320	0.06371639881
3321	0.06369850239
3322	0.06368523071
3323	0.06368424435
3324	0.0636629061
3325	0.06365054989
3326	0.0636482686
3327	0.06363224175
3328	0.06361967071
3329	0.06360969596
3330	0.06359836579
3331	0.06358656615
3332	0.06357587181
3333	0.06357442657
3334	0.06356133822
3335	0.06355017553
3336	0.0635391088
3337	0.06353426444
3338	0.06352349658
3339	0.06351475931
3340	0.06350765359
3341	0.06349481092
3342	0.06348640809
3343	0.0634682365
3344	0.06345153926
3345	0.06344089039
3346	0.06343143273
3347	0.06342033401
3348	0.06341212342
3349	0.06339904042
3350	0.06339661235
3351	0.06338937165
3352	0.06338386618
3353	0.06337460282
3354	0.06335135203
3355	0.06333987056
3356	0.06333109119
3357	0.06332553247
3358	0.06331706707
3359	0.06331500296
3360	0.06331147755
3361	0.0633089649
3362	0.06330624168
3363	0.06329366273
3364	0.06328089222
3365	0.06326788505
3366	0.06326092529
3367	0.06325019239
3368	0.06324195845
3369	0.06323725348
3370	0.06322657209
3371	0.06321766784
3372	0.06320929582
3373	0.06320148093
3374	0.0631826401
3375	0.06317060404
3376	0.06316945983
3377	0.06316267239
3378	0.06315207789
3379	0.06315091911
3380	0.06314041344
3381	0.06313111642
3382	0.06313017474
3383	0.06312238396
3384	0.06311955791
3385	0.063111475
3386	0.06309673809
3387	0.06309588455
3388	0.06308551792
3389	0.06307552829
3390	0.06306757493
3391	0.0630659722
3392	0.06305511296
3393	0.06304534958
3394	0.06303110448
3395	0.06301377075
3396	0.06300297972
3397	0.06299220302
3398	0.06298062328
3399	0.06296916499
3400	0.0629583331
3401	0.06294791996
3402	0.06293301016
3403	0.06292310906
3404	0.06291076544
3405	0.06289772074
3406	0.06288227918
3407	0.06287741401
3408	0.06286679064
3409	0.06285604658
3410	0.06284764771
3411	0.06284204423
3412	0.06283159345
3413	0.06281945874
3414	0.06281270232
3415	0.06280626393
3416	0.06280462498
3417	0.06279299091
3418	0.06277950559
3419	0.06277286701
3420	0.06275954017
3421	0.06275198563
3422	0.06273028674
3423	0.06271961788
3424	0.06271395253
3425	0.06270206878
3426	0.06269598861
3427	0.06268155989
3428	0.06267627786
3429	0.06266142815
3430	0.06264980108
3431	0.06263222728
3432	0.06262289539
3433	0.06261262839
3434	0.06259887411
3435	0.06259065965
3436	0.06257239187
3437	0.0625603243
3438	0.06254965198
3439	0.06254694346
3440	0.06253732565
3441	0.06252054625
3442	0.06250480294
3443	0.06249551827
3444	0.06248084453
3445	0.06247025165
3446	0.06245779985
3447	0.06244204629
3448	0.06243128934
3449	0.06242870626
3450	0.06242050434
3451	0.0624177577
3452	0.0624052349
3453	0.0624039368
3454	0.0623914869
3455	0.06238898286
3456	0.06236813379
3457	0.0623449314
3458	0.06233378248
3459	0.06232734265
3460	0.06231273457
3461	0.06230469341
3462	0.06229608869
3463	0.06228770048
3464	0.06227763232
3465	0.06226944733
3466	0.06226014956
3467	0.06225017099
3468	0.06223536024
3469	0.06222723494
3470	0.06221780293
3471	0.06220474639
3472	0.06219043917
3473	0.06218272336
3474	0.06217240418
3475	0.06215612964
3476	0.06214723477
3477	0.06214623407
3478	0.06213437805
3479	0.06212450789
3480	0.06211157571
3481	0.06210202494
3482	0.06209225203
3483	0.06208375541
3484	0.06206096535
3485	0.06205085243
3486	0.06204345435
3487	0.06203483808
3488	0.06202222173
3489	0.06200212495
3490	0.06199156953
3491	0.06198866537
3492	0.06197522586
3493	0.06195962818
3494	0.06195201716
3495	0.06195104221
3496	0.06192893871
3497	0.06192157168
3498	0.06190748529
3499	0.0618980699
3500	0.06189209868
3501	0.06189048472
3502	0.06188033395
3503	0.06187324533
3504	0.06187223305
3505	0.06186633104
3506	0.0618491192
3507	0.06183281248
3508	0.06182616227
3509	0.06181743136
3510	0.06181109966
3511	0.06179897276
3512	0.06179171992
3513	0.06177918514
3514	0.06177192554
3515	0.06176417166
3516	0.06175758663
3517	0.06175458141
3518	0.06175104255
3519	0.06173437379
3520	0.06172709221
3521	0.06171957916
3522	0.06171204525
3523	0.06170198291
3524	0.06169258722
3525	0.06169102652
3526	0.06168395416
3527	0.06167923107
3528	0.06166980995
3529	0.06166329222
3530	0.061654561
3531	0.06164410549
3532	0.0616344049
3533	0.06162717563
3534	0.06161445288
3535	0.06159925794
3536	0.06158270743
3537	0.06157611435
3538	0.06156477395
3539	0.06154982156
3540	0.06154006812
3541	0.06153077698
3542	0.06152856592
3543	0.06151161917
3544	0.06150354438
3545	0.06149338897
3546	0.0614890645
3547	0.06148254339
3548	0.06146752717
3549	0.06145844377
3550	0.06144107301
3551	0.06142991425
3552	0.06142879461
3553	0.06141972465
3554	0.06141257304
3555	0.06140545611
3556	0.06139900993
3557	0.06139282356
3558	0.06137573918
3559	0.06137065846
3560	0.06136247517
3561	0.06134792517
3562	0.06134311025
3563	0.06133319002
3564	0.06132695942
3565	0.06131770922
3566	0.06131663609
3567	0.06130324577
3568	0.06129076804
3569	0.06127942123
3570	0.06127583804
3571	0.06126756389
3572	0.06126063575
3573	0.06125057145
3574	0.06123586635
3575	0.06122246423
3576	0.06121887537
3577	0.06120450446
3578	0.06119022043
3579	0.06118235618
3580	0.0611795
3581	0.06117202222
3582	0.0611632445
3583	0.06115764295
3584	0.06115014945
3585	0.06113749281
3586	0.06113538764
3587	0.06112321664
3588	0.06110474854
3589	0.06110334394
3590	0.06109980828
3591	0.06109651239
3592	0.0610874487
3593	0.0610785594
3594	0.06106714545
3595	0.06105713734
3596	0.06104928097
3597	0.06104718647
3598	0.06104642448
3599	0.06103967863
3600	0.06102489032
3601	0.06101416176
3602	0.06100404983
3603	0.06100104551
3604	0.06099062079
3605	0.06098069288
3606	0.06097921864
3607	0.06097415787
3608	0.06096520135
3609	0.06094861749
3610	0.06094226678
3611	0.06092772733
3612	0.06091636002
3613	0.06090989862
3614	0.0609036308
3615	0.06089377851
3616	0.06088608723
3617	0.06086932291
3618	0.06086013047
3619	0.06084944295
3620	0.06084163577
3621	0.06083414278
3622	0.06082809652
3623	0.06082556997
3624	0.06081938163
3625	0.06081136669
3626	0.06079932385
3627	0.0607870023
3628	0.0607860567
3629	0.06077532811
3630	0.06076541491
3631	0.06075993636
3632	0.06075381055
3633	0.06074152917
3634	0.06073355346
3635	0.06072945855
3636	0.06072806941
3637	0.06071423325
3638	0.06070984294
3639	0.06069994281
3640	0.06068953029
3641	0.0606885962
3642	0.06067652833
3643	0.06066112172
3644	0.06065143394
3645	0.06064194304
3646	0.0606291236
3647	0.06061036597
3648	0.06060948444
3649	0.0606000518
3650	0.06059307995
3651	0.0605798489
3652	0.06056880145
3653	0.06056771737
3654	0.06056626133
3655	0.06055515368
3656	0.06054674262
3657	0.06053701861
3658	0.06052964854
3659	0.06051884793
3660	0.06051521825
3661	0.0605145413
3662	0.06050059358
3663	0.0604905304
3664	0.06048564654
3665	0.06047389614
3666	0.06046623042
3667	0.06045376784
3668	0.06044539825
3669	0.06043373028
3670	0.06042648355
3671	0.06042545594
3672	0.06041762679
3673	0.06041147461
3674	0.06041056885
3675	0.0604045445
3676	0.0603956212
3677	0.060389628
3678	0.06037927235
3679	0.06036897953
3680	0.06036065131
3681	0.06035270529
3682	0.06034497623
3683	0.06032876985
3684	0.06032610314
3685	0.06031789571
3686	0.06030998642
3687	0.0602938924
3688	0.06028519147
3689	0.06027748458
3690	0.06026863997
3691	0.06026775843
3692	0.06025866592
3693	0.06025344325
3694	0.06024698093
3695	0.06024105839
3696	0.06022617846
3697	0.06021706605
3698	0.06020752761
3699	0.06020441112
3700	0.06019514988
3701	0.06018592015
3702	0.06017423828
3703	0.06015439224
3704	0.06014225729
3705	0.06012685874
3706	0.06011514397
3707	0.06011060973
3708	0.06008612267
3709	0.06007744787
3710	0.06006931375
3711	0.06004563695
3712	0.06003513875
3713	0.06003016135
3714	0.06002625611
3715	0.06001829667
3716	0.06001746498
3717	0.06000775181
3718	0.05999189248
3719	0.05998434017
3720	0.05997496982
3721	0.05997082944
3722	0.05996413792
3723	0.05995072016
3724	0.05994027461
3725	0.05993897748
3726	0.05993793886
3727	0.05993036484
3728	0.05992300486
3729	0.05991323291
3730	0.05990484647
3731	0.05988974175
3732	0.05988514829
3733	0.05988148506
3734	0.05987206807
3735	0.0598605114
3736	0.05984604876
3737	0.05984102599
3738	0.05983250447
3739	0.0598167205
3740	0.05980562723
3741	0.05979592396
3742	0.05978903526
3743	0.05978296534
3744	0.05976842683
3745	0.0597542309
3746	0.05975350124
3747	0.05974168063
3748	0.05974041456
3749	0.05973977331
3750	0.05972594319
3751	0.05971735274
3752	0.05970804998
3753	0.05970023054
3754	0.05969172021
3755	0.05968239108
3756	0.05967486838
3757	0.05966464701
3758	0.05965583078
3759	0.05964432855
3760	0.05963236225
3761	0.05962228244
3762	0.05961569838
3763	0.0596067786
3764	0.05959129509
3765	0.0595853289
3766	0.05956983742
3767	0.0595682089
3768	0.05955946701
3769	0.05954829321
3770	0.05953506983
3771	0.05952630188
3772	0.05952039903
3773	0.05951952892
3774	0.05951262882
3775	0.05950463723
3776	0.05949853966
3777	0.05948456292
3778	0.05947244457
3779	0.05946319905
3780	0.05945384002
3781	0.05944000777
3782	0.05942403219
3783	0.05941266491
3784	0.05940602625
3785	0.05940125297
3786	0.05939286542
3787	0.05938773574
3788	0.05938330301
3789	0.05937728264
3790	0.05936695345
3791	0.0593660167
3792	0.05936508649
3793	0.05935928055
3794	0.0593585724
3795	0.05934754109
3796	0.05933648433
3797	0.05933165219
3798	0.05932380347
3799	0.05931327894
3800	0.05930135088
3801	0.05929507859
3802	0.05929056591
3803	0.05928957888
3804	0.05927951356
3805	0.05927876424
3806	0.05926313924
3807	0.05925872303
3808	0.05925776868
3809	0.05924500084
3810	0.05923670058
3811	0.05922861264
3812	0.05921672063
3813	0.05921004728
3814	0.05920394873
3815	0.05919879294
3816	0.05919486431
3817	0.0591835275
3818	0.0591736073
3819	0.05916699276
3820	0.05915658817
3821	0.0591496929
3822	0.05914880313
3823	0.05913519259
3824	0.05912792817
3825	0.05911951106
3826	0.05911422774
3827	0.05910863077
3828	0.05908951257
3829	0.05908585048
3830	0.05907462326
3831	0.05906277762
3832	0.0590488578
3833	0.05903928176
3834	0.05903614946
3835	0.05903491881
3836	0.0590287669
3837	0.05902787468
3838	0.0590253238
3839	0.05901721171
3840	0.05900829677
3841	0.05899879811
3842	0.05898066903
3843	0.05897664154
3844	0.05896968049
3845	0.05895888045
3846	0.0589492329
3847	0.05894194556
3848	0.05892890896
3849	0.05891627201
3850	0.05890884602
3851	0.0588949642
3852	0.05889174018
3853	0.05888202892
3854	0.05888124764
3855	0.05887740946
3856	0.0588676342
3857	0.05885255863
3858	0.05884199039
3859	0.05883807472
3860	0.05882886401
3861	0.05881882603
3862	0.05881401733
3863	0.05880314893
3864	0.05879488599
3865	0.05877598485
3866	0.05876742976
3867	0.05874715329
3868	0.05873964198
3869	0.05873880813
3870	0.05873156332
3871	0.05872210621
3872	0.05871790153
3873	0.05870710546
3874	0.05869281901
3875	0.05868533487
3876	0.05868100727
3877	0.05867183467
3878	0.05866246987
3879	0.05864620623
3880	0.05863739653
3881	0.0586287895
3882	0.05862050165
3883	0.05861641766
3884	0.05860942762
3885	0.05860158783
3886	0.05859035803
3887	0.0585777031
3888	0.05856318473
3889	0.05854665347
3890	0.05854111147
3891	0.05852928088
3892	0.0585225089
3893	0.05851265509
3894	0.05849778352
3895	0.05848872516
3896	0.05847487919
3897	0.05846289755
3898	0.05845890731
3899	0.05845270081
3900	0.05843868835
3901	0.05843091643
3902	0.05842438668
3903	0.05841519827
3904	0.05840876812
3905	0.05839797084
3906	0.05839708523
3907	0.05838466136
3908	0.05837900047
3909	0.05835998897
3910	0.05835613891
3911	0.05834962307
3912	0.0583415252
3913	0.05833582745
3914	0.05832232436
3915	0.05831531243
3916	0.05830544314
3917	0.05828698819
3918	0.05827709058
3919	0.05827587151
3920	0.05825874675
3921	0.05824849851
3922	0.05824295236
3923	0.05823746708
3924	0.0582304349
3925	0.0582217265
3926	0.05821224859
3927	0.05820339178
3928	0.05818547029
3929	0.05817648031
3930	0.05817266085
3931	0.05815889707
3932	0.05815807609
3933	0.05815236344
3934	0.05814346622
3935	0.05813442612
3936	0.05812311584
3937	0.05811409397
3938	0.05810089347
3939	0.05808428605
3940	0.05807532395
3941	0.05805991608
3942	0.05805631363
3943	0.05805428417
3944	0.05804443542
3945	0.05803339429
3946	0.05802346954
3947	0.05801943387
3948	0.05801055497
3949	0.0579977356
3950	0.05798726402
3951	0.05797524547
3952	0.05796741158
3953	0.0579538694
3954	0.05794255766
3955	0.05793406074
3956	0.05792840087
3957	0.05791887443
3958	0.05791292911
3959	0.05790927915
3960	0.05790025524
3961	0.05789277166
3962	0.05788061613
3963	0.05787285886
3964	0.05786866544
3965	0.05786328699
3966	0.05785386471
3967	0.05785011988
3968	0.05784151349
3969	0.05783621182
3970	0.05783062856
3971	0.05781575122
3972	0.05780603797
3973	0.05779388648
3974	0.05778346182
3975	0.05777559375
3976	0.05777199014
3977	0.05775909677
3978	0.05775820665
3979	0.05774785453
3980	0.05773740712
3981	0.05772863291
3982	0.05771933787
3983	0.05771064299
3984	0.05770121389
3985	0.05769263826
3986	0.05768047674
3987	0.05767009718
3988	0.05766790059
3989	0.05765842801
3990	0.05765281965
3991	0.0576519777
3992	0.05764728917
3993	0.05763487523
3994	0.05762966721
3995	0.0576194745
3996	0.05760147882
3997	0.05759415723
3998	0.05758172207
3999	0.05757227657
4000	0.0575636974
4001	0.05755175995
4002	0.05754648846
4003	0.05752890514
4004	0.05752243927
4005	0.05751333685
4006	0.05749807226
4007	0.05749417811
4008	0.05748446637
4009	0.05747779987
4010	0.05747425948
4011	0.05747299366
4012	0.05746766097
4013	0.05745661277
4014	0.0574470895
4015	0.05744130947
4016	0.05743414225
4017	0.05743069864
4018	0.05742175581
4019	0.05741086082
4020	0.05739737338
4021	0.05739657976
4022	0.05738771088
4023	0.05738250685
4024	0.05737301371
4025	0.05736263239
4026	0.05735475102
4027	0.05734822323
4028	0.05733992573
4029	0.05733215682
4030	0.05732589116
4031	0.05731944656
4032	0.05731818145
4033	0.05731178342
4034	0.05729819919
4035	0.05729304277
4036	0.05728022726
4037	0.05726987168
4038	0.05725657627
4039	0.05725511617
4040	0.05725073912
4041	0.05723917203
4042	0.05722505825
4043	0.05721240311
4044	0.0572014539
4045	0.05719283574
4046	0.05718876942
4047	0.05717908421
4048	0.05717399997
4049	0.05716623341
4050	0.05715683261
4051	0.05714778781
4052	0.05714435288
4053	0.05713777051
4054	0.05713208651
4055	0.05712665391
4056	0.05712195347
4057	0.05711617554
4058	0.05710184797
4059	0.05709132086
4060	0.05709040773
4061	0.05707828676
4062	0.05706400741
4063	0.05706320135
4064	0.05705000434
4065	0.05704204214
4066	0.05703358038
4067	0.057022789
4068	0.05702188826
4069	0.05700514819
4070	0.05699870834
4071	0.05698980186
4072	0.05698450014
4073	0.05697395905
4074	0.0569664354
4075	0.05695503713
4076	0.05693912384
4077	0.05692763185
4078	0.05691908233
4079	0.05690783434
4080	0.05689715096
4081	0.05688672175
4082	0.05687381614
4083	0.0568633464
4084	0.05685133658
4085	0.05684204338
4086	0.05684131786
4087	0.05683141016
4088	0.05681813947
4089	0.05681029147
4090	0.05680000301
4091	0.05678989329
4092	0.05678079655
4093	0.05676854269
4094	0.05676220423
4095	0.05675881509
4096	0.05675800741
4097	0.05675284842
4098	0.05674069175
4099	0.05673156709
4100	0.05672459292
4101	0.05670819158
4102	0.05669972025
4103	0.05669279214
4104	0.0566864493
4105	0.05667558514
4106	0.05666330197
4107	0.05665325736
4108	0.05663599423
4109	0.05662673366
4110	0.05662025435
4111	0.05661497722
4112	0.05661429943
4113	0.0566079639
4114	0.05660336419
4115	0.05659098898
4116	0.05657889948
4117	0.0565702296
4118	0.05656577527
4119	0.05656172846
4120	0.05655834762
4121	0.05655452337
4122	0.0565479926
4123	0.05653470672
4124	0.05652455043
4125	0.05651330483
4126	0.05650461018
4127	0.05649926505
4128	0.05649135751
4129	0.05648911097
4130	0.0564845467
4131	0.05648090985
4132	0.0564736187
4133	0.0564575397
4134	0.05645630243
4135	0.05644993388
4136	0.05643457795
4137	0.05643335432
4138	0.05642490427
4139	0.05641395951
4140	0.05640432821
4141	0.05639622836
4142	0.05639007201
4143	0.05638405651
4144	0.05637477913
4145	0.05636704973
4146	0.05635791902
4147	0.05634406605
4148	0.05633899077
4149	0.05633248912
4150	0.05632513137
4151	0.05631846302
4152	0.05630646907
4153	0.05629796358
4154	0.05629136033
4155	0.0562906596
4156	0.0562878353
4157	0.05628721441
4158	0.05628640723
4159	0.05627677425
4160	0.05626725499
4161	0.05625980883
4162	0.05625449778
4163	0.05624638226
4164	0.05623776214
4165	0.05623275076
4166	0.05622567057
4167	0.05622505657
4168	0.05621632115
4169	0.05620853206
4170	0.05620087822
4171	0.0561883171
4172	0.05618468561
4173	0.05617505647
4174	0.05616925555
4175	0.0561593917
4176	0.05615121762
4177	0.05614242698
4178	0.0561417366
4179	0.05613367821
4180	0.0561317795
4181	0.05612052872
4182	0.05611235632
4183	0.05610173037
4184	0.05609060268
4185	0.05607730845
4186	0.05607080679
4187	0.056066437
4188	0.05606304113
4189	0.0560562223
4190	0.05604858473
4191	0.05604035884
4192	0.0560341319
4193	0.05603081361
4194	0.05602367113
4195	0.05601561806
4196	0.05601057888
4197	0.05600267129
4198	0.05599231827
4199	0.05598767828
4200	0.05598205854
4201	0.05597165982
4202	0.05595996484
4203	0.0559509059
4204	0.05594065673
4205	0.05593500138
4206	0.05592644523
4207	0.05591501643
4208	0.0559083292
4209	0.05590149247
4210	0.05589706291
4211	0.05588510906
4212	0.05586383483
4213	0.055862327
4214	0.05585301049
4215	0.05584728774
4216	0.05583562427
4217	0.05583385007
4218	0.05582678332
4219	0.05581971188
4220	0.05581540812
4221	0.05580614877
4222	0.05579578415
4223	0.05579249069
4224	0.05578891865
4225	0.05578036268
4226	0.05577110436
4227	0.05576168934
4228	0.05576081862
4229	0.05575710323
4230	0.05574699672
4231	0.05573577235
4232	0.05572757807
4233	0.05572034792
4234	0.05571175012
4235	0.05570487591
4236	0.05569646634
4237	0.05569208831
4238	0.05568058736
4239	0.05566507118
4240	0.05565674325
4241	0.05564831097
4242	0.05563994356
4243	0.05563102861
4244	0.05562327506
4245	0.05560744805
4246	0.05559858834
4247	0.05558853017
4248	0.05557683704
4249	0.05556734488
4250	0.05555998492
4251	0.05555217638
4252	0.05554392825
4253	0.05553428835
4254	0.05552814504
4255	0.05551981578
4256	0.05551227072
4257	0.05551148326
4258	0.05551094339
4259	0.05549962956
4260	0.05548832232
4261	0.05548009637
4262	0.05546878381
4263	0.05546224577
4264	0.05545692838
4265	0.05545181121
4266	0.05544861789
4267	0.05543892892
4268	0.055432114
4269	0.05541916426
4270	0.05540972118
4271	0.05540894143
4272	0.05539079083
4273	0.05538220308
4274	0.0553780948
4275	0.05536695434
4276	0.0553586492
4277	0.05535027719
4278	0.05534076588
4279	0.05532960068
4280	0.05532221258
4281	0.05531859376
4282	0.05531711429
4283	0.05530167783
4284	0.0552953027
4285	0.05529019488
4286	0.05528311203
4287	0.05527883319
4288	0.05527825003
4289	0.05527143128
4290	0.05526177379
4291	0.05525369299
4292	0.05524925901
4293	0.05524329729
4294	0.05523535605
4295	0.05522475324
4296	0.05521683405
4297	0.05521076913
4298	0.05520591117
4299	0.05519581035
4300	0.05519072358
4301	0.05517417759
4302	0.05516637815
4303	0.05515943039
4304	0.05514188067
4305	0.05513766938
4306	0.05512961408
4307	0.05512888476
4308	0.05512424488
4309	0.05512136234
4310	0.05511331803
4311	0.05511274435
4312	0.05510116617
4313	0.05508982812
4314	0.05508389634
4315	0.05507812914
4316	0.05506909424
4317	0.05505996783
4318	0.05504874414
4319	0.05503080595
4320	0.05501941588
4321	0.05501149401
4322	0.05500907724
4323	0.05499851259
4324	0.05499335257
4325	0.05499164162
4326	0.05497945545
4327	0.05497164702
4328	0.05496358284
4329	0.05495097428
4330	0.05494565771
4331	0.05494201133
4332	0.05492887937
4333	0.05491577
4334	0.05490434689
4335	0.054896327
4336	0.05488944428
4337	0.05488487685
4338	0.05487964803
4339	0.0548763222
4340	0.05487564499
4341	0.05486924289
4342	0.05486393505
4343	0.05486089576
4344	0.05485057922
4345	0.05484534006
4346	0.05483783068
4347	0.05482567702
4348	0.0548233544
4349	0.05481622204
4350	0.05480650411
4351	0.05479897857
4352	0.0547924932
4353	0.05477857695
4354	0.05477029721
4355	0.05476225661
4356	0.05475869978
4357	0.05475149508
4358	0.05474619652
4359	0.05473611481
4360	0.05473102818
4361	0.05471618999
4362	0.05470651358
4363	0.05470372056
4364	0.0546981511
4365	0.05468379158
4366	0.05467809331
4367	0.05467249047
4368	0.05466726542
4369	0.05464961969
4370	0.05464836876
4371	0.05463758653
4372	0.05462594331
4373	0.05462073056
4374	0.05461027962
4375	0.05460213047
4376	0.05459574993
4377	0.05458402759
4378	0.05457721768
4379	0.05457665235
4380	0.05457049809
4381	0.05456527745
4382	0.05455619482
4383	0.05455408426
4384	0.05454761023
4385	0.05454147803
4386	0.05453412689
4387	0.0545239112
4388	0.05451235487
4389	0.05450206523
4390	0.05449641922
4391	0.0544897599
4392	0.05448314328
4393	0.05447832853
4394	0.0544755184
4395	0.05446632415
4396	0.0544557692
4397	0.05444703095
4398	0.05443630248
4399	0.05443546041
4400	0.05442750051
4401	0.05442238149
4402	0.05441633461
4403	0.0544103938
4404	0.05440220924
4405	0.05439594801
4406	0.05439023826
4407	0.05437639873
4408	0.05436639174
4409	0.05436465229
4410	0.05435020096
4411	0.05434505565
4412	0.05434160095
4413	0.05433735985
4414	0.05433229386
4415	0.05432831361
4416	0.05431721724
4417	0.05431151633
4418	0.05430218244
4419	0.05429592177
4420	0.05428597431
4421	0.05427949502
4422	0.05426594716
4423	0.05425406206
4424	0.05424602107
4425	0.05424388328
4426	0.05422984635
4427	0.05421481681
4428	0.05421249636
4429	0.05420170944
4430	0.05419043761
4431	0.05418640689
4432	0.0541854329
4433	0.05417632251
4434	0.05417263932
4435	0.05416329225
4436	0.05415297173
4437	0.05414244484
4438	0.05413911523
4439	0.0541329527
4440	0.05412462957
4441	0.05411998203
4442	0.0541071104
4443	0.05410018032
4444	0.05409301202
4445	0.05408790915
4446	0.0540849744
4447	0.05407387447
4448	0.05405822749
4449	0.05405160136
4450	0.0540439065
4451	0.05403673515
4452	0.05403534552
4453	0.05402765762
4454	0.0540176521
4455	0.05401189131
4456	0.05399925008
4457	0.05399219269
4458	0.05398092453
4459	0.05397318606
4460	0.05396739744
4461	0.05395451745
4462	0.05394878417
4463	0.05394164913
4464	0.05392858253
4465	0.05391931085
4466	0.05391795997
4467	0.05391162158
4468	0.05390583608
4469	0.05389972
4470	0.05389800446
4471	0.05388948626
4472	0.05388528149
4473	0.05388334117
4474	0.05387601428
4475	0.05387102164
4476	0.05386899371
4477	0.05386307779
4478	0.05386037988
4479	0.05385330248
4480	0.05384393449
4481	0.0538373274
4482	0.05383594462
4483	0.05382661095
4484	0.05382067038
4485	0.05381407643
4486	0.05380729615
4487	0.053791198
4488	0.05378360589
4489	0.05377991653
4490	0.05377430034
4491	0.05376555421
4492	0.05376146567
4493	0.05375284946
4494	0.05374648533
4495	0.053745925
4496	0.05373751702
4497	0.05372860741
4498	0.05372261163
4499	0.0537156737
4500	0.05371269927
4501	0.05370144323
4502	0.05369723665
4503	0.05368617751
4504	0.05367990095
4505	0.0536704585
4506	0.05366894484
4507	0.05366825624
4508	0.0536626725
4509	0.05365894185
4510	0.05365353888
4511	0.05364491068
4512	0.05363370794
4513	0.05362397536
4514	0.05361456219
4515	0.05360405703
4516	0.05360078083
4517	0.05359130012
4518	0.05357885269
4519	0.05357811901
4520	0.05357245739
4521	0.05356115641
4522	0.05355231454
4523	0.05354541552
4524	0.05353911078
4525	0.0535222626
4526	0.05351353707
4527	0.05350460759
4528	0.05350092022
4529	0.05348813151
4530	0.05347885078
4531	0.05347243848
4532	0.05346761086
4533	0.05346668595
4534	0.05345225791
4535	0.05344321093
4536	0.05343933017
4537	0.05343506581
4538	0.05343300225
4539	0.05342530957
4540	0.05341780746
4541	0.05341355484
4542	0.05340094234
4543	0.05338868274
4544	0.05338692221
4545	0.05337780736
4546	0.05337259793
4547	0.05337206173
4548	0.05336228694
4549	0.05335459297
4550	0.05334632878
4551	0.05333941794
4552	0.05333883033
4553	0.05333523052
4554	0.05332646276
4555	0.0533153695
4556	0.05330472641
4557	0.05330323202
4558	0.05329586144
4559	0.05328086935
4560	0.05327248905
4561	0.05325892897
4562	0.05325152298
4563	0.0532419956
4564	0.05323483649
4565	0.0532271264
4566	0.05322475267
4567	0.05322088481
4568	0.05321541388
4569	0.05320304303
4570	0.05318806332
4571	0.05318048403
4572	0.05316968302
4573	0.05316122016
4574	0.05314826285
4575	0.0531396315
4576	0.05313682763
4577	0.05313067454
4578	0.05312855227
4579	0.05312165507
4580	0.05311449711
4581	0.05310956361
4582	0.05309289191
4583	0.05308492823
4584	0.05308066573
4585	0.05307352974
4586	0.05306616394
4587	0.05305199305
4588	0.05304881011
4589	0.0530415474
4590	0.05303577369
4591	0.05303067504
4592	0.05301672196
4593	0.0530049143
4594	0.05300103649
4595	0.05298671619
4596	0.05297876322
4597	0.05297609155
4598	0.05296950912
4599	0.0529607022
4600	0.05295974145
4601	0.05295114152
4602	0.0529437606
4603	0.05293011886
4604	0.05292736725
4605	0.05292093179
4606	0.05291153456
4607	0.05290636181
4608	0.05289806852
4609	0.05288962545
4610	0.05288212699
4611	0.05287324393
4612	0.05286122995
4613	0.05285023212
4614	0.052843946
4615	0.05283339173
4616	0.0528327902
4617	0.05282481989
4618	0.05281811948
4619	0.05281009815
4620	0.05280811761
4621	0.05280456371
4622	0.05279876657
4623	0.05278706427
4624	0.05278035311
4625	0.05277858955
4626	0.05277287924
4627	0.0527666944
4628	0.05275991645
4629	0.05275745666
4630	0.05275274406
4631	0.05274632933
4632	0.05273745915
4633	0.05272590762
4634	0.0527209845
4635	0.05270982075
4636	0.05269917071
4637	0.05269044274
4638	0.05268190932
4639	0.0526678507
4640	0.05266212998
4641	0.05266160002
4642	0.05265537646
4643	0.05263993445
4644	0.05263387785
4645	0.05262746667
4646	0.05262391493
4647	0.05261840354
4648	0.05260866471
4649	0.05260507321
4650	0.05260172436
4651	0.05258920514
4652	0.05258023814
4653	0.05257608393
4654	0.05256603839
4655	0.05256183198
4656	0.05255296883
4657	0.05254277923
4658	0.05253524382
4659	0.05253190555
4660	0.05252456459
4661	0.05252015894
4662	0.05251874759
4663	0.05251464919
4664	0.05250095806
4665	0.05249169252
4666	0.05248927655
4667	0.05248161528
4668	0.05247885418
4669	0.0524735373
4670	0.05246825855
4671	0.05246774089
4672	0.05246103989
4673	0.05245208126
4674	0.05244069619
4675	0.05243898262
4676	0.05243525611
4677	0.05243478009
4678	0.05242371163
4679	0.05241766542
4680	0.05240416416
4681	0.05239290992
4682	0.05238121872
4683	0.05237946872
4684	0.0523710025
4685	0.05236828572
4686	0.05236023901
4687	0.05235111179
4688	0.05233770293
4689	0.05233072316
4690	0.05232294855
4691	0.05231811303
4692	0.05231240331
4693	0.0523029305
4694	0.05229229164
4695	0.05228404298
4696	0.05228056858
4697	0.05226868444
4698	0.05226366061
4699	0.05225415522
4700	0.05224793484
4701	0.05223959512
4702	0.05223784696
4703	0.05223497123
4704	0.05222786064
4705	0.05222151625
4706	0.05221340684
4707	0.05221084082
4708	0.05220563926
4709	0.0521990676
4710	0.05219496395
4711	0.05219429719
4712	0.0521870857
4713	0.05217520234
4714	0.05216885117
4715	0.05216783771
4716	0.05216383879
4717	0.0521596753
4718	0.05214760804
4719	0.05214272702
4720	0.05212873746
4721	0.05212483158
4722	0.05212363229
4723	0.05212092
4724	0.05211174642
4725	0.0520985323
4726	0.05209097802
4727	0.05208159083
4728	0.05207388541
4729	0.05206932743
4730	0.05206029458
4731	0.05205478051
4732	0.05203964326
4733	0.05203326072
4734	0.05202827784
4735	0.05202294904
4736	0.05201503299
4737	0.05200469205
4738	0.05199467714
4739	0.05198670232
4740	0.05197624219
4741	0.05196855749
4742	0.05196781737
4743	0.05196074749
4744	0.05194833692
4745	0.05194238787
4746	0.05193208102
4747	0.05192021774
4748	0.05191458257
4749	0.05190901052
4750	0.05190273688
4751	0.05188902993
4752	0.05188090485
4753	0.05187365367
4754	0.05187139454
4755	0.05186623604
4756	0.05185335563
4757	0.05184660452
4758	0.05183978285
4759	0.0518286542
4760	0.05182484409
4761	0.05182260218
4762	0.05180944042
4763	0.05179620073
4764	0.05179562761
4765	0.05178458138
4766	0.05177817329
4767	0.05176628276
4768	0.05176295287
4769	0.05175604771
4770	0.05175539791
4771	0.0517488772
4772	0.05173673186
4773	0.05172389099
4774	0.05171564247
4775	0.05171327973
4776	0.0517083437
4777	0.05170302196
4778	0.05169285538
4779	0.05167920599
4780	0.05167637353
4781	0.05166347883
4782	0.0516556912
4783	0.05165061505
4784	0.05164266318
4785	0.0516308243
4786	0.05163000478
4787	0.05162766936
4788	0.05161421437
4789	0.05161014671
4790	0.05160738828
4791	0.05160663263
4792	0.05160624016
4793	0.0516020351
4794	0.05159139499
4795	0.05158207875
4796	0.0515728577
4797	0.05156856085
4798	0.05155640374
4799	0.05154552849
4800	0.05154482968
4801	0.05152964871
4802	0.05152565244
4803	0.05151463789
4804	0.05150190844
4805	0.05149198469
4806	0.05148259408
4807	0.05147513231
4808	0.05146879821
4809	0.05146695393
4810	0.05146220291
4811	0.05146094601
4812	0.0514547367
4813	0.05144675629
4814	0.05143501129
4815	0.05142587419
4816	0.05142420239
4817	0.05141195327
4818	0.05140920087
4819	0.0513991692
4820	0.05139732567
4821	0.05139472731
4822	0.05138647202
4823	0.0513768075
4824	0.05137109446
4825	0.05136794743
4826	0.05135221347
4827	0.05134423057
4828	0.0513367053
4829	0.05133513895
4830	0.0513334057
4831	0.05132566152
4832	0.05132392608
4833	0.05131531231
4834	0.05131279027
4835	0.05129842224
4836	0.05129778945
4837	0.05129067235
4838	0.0512783537
4839	0.05127048456
4840	0.05125684889
4841	0.05124222643
4842	0.05123439162
4843	0.05122520341
4844	0.05121716186
4845	0.05121148441
4846	0.05119630657
4847	0.05118999765
4848	0.051188392
4849	0.05118007275
4850	0.05117529739
4851	0.05116159571
4852	0.05115838747
4853	0.05114713759
4854	0.05114340407
4855	0.05114289072
4856	0.05113259823
4857	0.0511282634
4858	0.0511246344
4859	0.0511172178
4860	0.0511134707
4861	0.05110502348
4862	0.05110097204
4863	0.05109143834
4864	0.0510790441
4865	0.05106795488
4866	0.05106530026
4867	0.05105414044
4868	0.05105363194
4869	0.05104658034
4870	0.05104250966
4871	0.05103244902
4872	0.05102657682
4873	0.05101607393
4874	0.05100916869
4875	0.0510026613
4876	0.05099555953
4877	0.05099494281
4878	0.05098723878
4879	0.05098167714
4880	0.05097905727
4881	0.05097276491
4882	0.05096584102
4883	0.05095525875
4884	0.05094911867
4885	0.05094377768
4886	0.05093250122
4887	0.05092668297
4888	0.05092503094
4889	0.0509234632
4890	0.05091585364
4891	0.05091013321
4892	0.05090339449
4893	0.05089781115
4894	0.050890655
4895	0.0508816476
4896	0.05087127733
4897	0.05086004051
4898	0.05085297665
4899	0.05084818917
4900	0.05084084926
4901	0.05083650548
4902	0.05083033944
4903	0.05082362244
4904	0.05081446555
4905	0.05080917921
4906	0.0507965811
4907	0.0507961728
4908	0.05078374084
4909	0.05078021187
4910	0.05077648752
4911	0.05077008328
4912	0.05076115047
4913	0.0507574896
4914	0.05075661075
4915	0.05074457741
4916	0.05073733029
4917	0.05073085532
4918	0.05072915027
4919	0.05072122656
4920	0.05071757285
4921	0.05071171544
4922	0.05070342237
4923	0.050694369
4924	0.05068908493
4925	0.05068014318
4926	0.05067584753
4927	0.05067538926
4928	0.05067476184
4929	0.05066951008
4930	0.05065883679
4931	0.05065290345
4932	0.05064664174
4933	0.050634843
4934	0.05062608005
4935	0.05061851206
4936	0.05060337203
4937	0.05059540122
4938	0.050590571
4939	0.05058270857
4940	0.05057438215
4941	0.05056327162
4942	0.05055589788
4943	0.0505438824
4944	0.05053923195
4945	0.05053091576
4946	0.05052455888
4947	0.05051630341
4948	0.05051106952
4949	0.05050237956
4950	0.05049385597
4951	0.05048764108
4952	0.05048711135
4953	0.0504763628
4954	0.05047582679
4955	0.05047223002
4956	0.05047040592
4957	0.05046648152
4958	0.05046587242
4959	0.05045613972
4960	0.05044344673
4961	0.05044174911
4962	0.05042804205
4963	0.05041928548
4964	0.05041339006
4965	0.05040186143
4966	0.05039482019
4967	0.05039167601
4968	0.0503854774
4969	0.05038095418
4970	0.05037102969
4971	0.05036848941
4972	0.0503624319
4973	0.05035237718
4974	0.05034550896
4975	0.05034055253
4976	0.05033484947
4977	0.05032447548
4978	0.05031157857
4979	0.05031103724
4980	0.05030624145
4981	0.05029721414
4982	0.05029659787
4983	0.05028732032
4984	0.05028425715
4985	0.05027758583
4986	0.0502673659
4987	0.05025963713
4988	0.05025348582
4989	0.05024542626
4990	0.05023461497
4991	0.05023070749
4992	0.05023009898
4993	0.05022463263
4994	0.05021677181
4995	0.05020719873
4996	0.05020665369
4997	0.05019669475
4998	0.05018444845
4999	0.05017471785
5000	0.05016545512
5001	0.05015574841
5002	0.05015082023
5003	0.05015021835
5004	0.05013816989
5005	0.05013661527
5006	0.05013607455
5007	0.05013030299
5008	0.05012033243
5009	0.0501170617
5010	0.05011018017
5011	0.05010663264
5012	0.0501058315
5013	0.05009865833
5014	0.05008612573
5015	0.05007355671
5016	0.05006815714
5017	0.05006736555
5018	0.05005997506
5019	0.05005081145
5020	0.05004230533
5021	0.05003440694
5022	0.05002480011
5023	0.05001371914
5024	0.04999794198
5025	0.04999200676
5026	0.04998159866
5027	0.04997933919
5028	0.04996823158
5029	0.04996274732
5030	0.04995957182
5031	0.04994799484
5032	0.04994292206
5033	0.04993424091
5034	0.0499329368
5035	0.04992931089
5036	0.04992312183
5037	0.0499151865
5038	0.04990677413
5039	0.0498983641
5040	0.04989066236
5041	0.04988146627
5042	0.04987226602
5043	0.04987165064
5044	0.04986655196
5045	0.04986039611
5046	0.04984962071
5047	0.04984365785
5048	0.04983578251
5049	0.04982705108
5050	0.0498139995
5051	0.04980747689
5052	0.04980134657
5053	0.04979640786
5054	0.04979336783
5055	0.04978884397
5056	0.04977848219
5057	0.04977001685
5058	0.04976436613
5059	0.04975958091
5060	0.04975550652
5061	0.04974862654
5062	0.04974278633
5063	0.04973618346
5064	0.04972569457
5065	0.04972018875
5066	0.04971426624
5067	0.04970354043
5068	0.04970284592
5069	0.04969525618
5070	0.04969293576
5071	0.04968930588
5072	0.04968877854
5073	0.04967857025
5074	0.04967367173
5075	0.04966448246
5076	0.04965315524
5077	0.04965263204
5078	0.04964454307
5079	0.04963482481
5080	0.04962814645
5081	0.04962381002
5082	0.04961911924
5083	0.04961593385
5084	0.04960872722
5085	0.04960131333
5086	0.04960077699
5087	0.04959481832
5088	0.04958960672
5089	0.0495838305
5090	0.04958304208
5091	0.04957782061
5092	0.04957150392
5093	0.0495710896
5094	0.0495654445
5095	0.04955770579
5096	0.04954931042
5097	0.04954013659
5098	0.0495368651
5099	0.04953624217
5100	0.04953570183
5101	0.04952829347
5102	0.04951547843
5103	0.04951045406
5104	0.04950468359
5105	0.04949569203
5106	0.04948325891
5107	0.04947429023
5108	0.04946476822
5109	0.04945768953
5110	0.04944659259
5111	0.04944314753
5112	0.04943298913
5113	0.0494255616
5114	0.04942081419
5115	0.04942036706
5116	0.04941566003
5117	0.04941509346
5118	0.04941433901
5119	0.04940843346
5120	0.04940241102
5121	0.04939671137
5122	0.04939135597
5123	0.04937922748
5124	0.04937681183
5125	0.04936758655
5126	0.04936693082
5127	0.04935828043
5128	0.04935450793
5129	0.04934779204
5130	0.04934030314
5131	0.04933968488
5132	0.04933449483
5133	0.0493248647
5134	0.04931702574
5135	0.04931352999
5136	0.04930534654
5137	0.04929973309
5138	0.04929827488
5139	0.04929091758
5140	0.04928510689
5141	0.04927268353
5142	0.0492722803
5143	0.04926768411
5144	0.04926524032
5145	0.04926478766
5146	0.04926036329
5147	0.04925450522
5148	0.04924888838
5149	0.04924701202
5150	0.04924016961
5151	0.04923914895
5152	0.04922962323
5153	0.04922182144
5154	0.04921138056
5155	0.04921109157
5156	0.04920382459
5157	0.04919718132
5158	0.04919126547
5159	0.04918488225
5160	0.04917744678
5161	0.04917183066
5162	0.04916560591
5163	0.04916509767
5164	0.04916431406
5165	0.0491599993
5166	0.04915046293
5167	0.04914673143
5168	0.0491402313
5169	0.04913218189
5170	0.04912809436
5171	0.04911836978
5172	0.0491118971
5173	0.04910641115
5174	0.04909986851
5175	0.04909191517
5176	0.04908564928
5177	0.04907936145
5178	0.0490788513
5179	0.04906835903
5180	0.04906099923
5181	0.04905607636
5182	0.04905561476
5183	0.04904889765
5184	0.04904843257
5185	0.04904282709
5186	0.04903606662
5187	0.04903120796
5188	0.04903008895
5189	0.04902593739
5190	0.04901660712
5191	0.04901260231
5192	0.04900355314
5193	0.04899815486
5194	0.04899466094
5195	0.04899326661
5196	0.04898781964
5197	0.0489765531
5198	0.04896676857
5199	0.04895881737
5200	0.04895808356
5201	0.04895022661
5202	0.04894508106
5203	0.04893330072
5204	0.04892516317
5205	0.04891710827
5206	0.04890637148
5207	0.04889824769
5208	0.04889288752
5209	0.04889201658
5210	0.04888802274
5211	0.04888604505
5212	0.04887768215
5213	0.04887722542
5214	0.0488710012
5215	0.04886456933
5216	0.04885867077
5217	0.04885104247
5218	0.048840438
5219	0.04883691528
5220	0.0488316018
5221	0.04882736529
5222	0.04881843297
5223	0.04881345257
5224	0.04881303045
5225	0.04880686334
5226	0.04880098833
5227	0.04879436992
5228	0.04879388625
5229	0.04877984732
5230	0.04877425989
5231	0.04876814225
5232	0.04876171257
5233	0.04875519343
5234	0.04875412059
5235	0.04874461131
5236	0.04874411283
5237	0.04873551214
5238	0.04872910532
5239	0.04872801302
5240	0.0487276057
5241	0.04871844475
5242	0.04871122944
5243	0.04870676643
5244	0.0486952263
5245	0.04868768044
5246	0.04867831256
5247	0.04866831025
5248	0.04865913136
5249	0.04865078282
5250	0.04864447139
5251	0.04863738822
5252	0.04863100673
5253	0.04862467174
5254	0.04862419741
5255	0.04861315604
5256	0.04861268102
5257	0.04860702036
5258	0.04860135625
5259	0.04859431996
5260	0.04858566019
5261	0.04857620558
5262	0.04857535634
5263	0.04856808276
5264	0.04856090966
5265	0.04855688887
5266	0.04854900384
5267	0.04854345684
5268	0.04853837544
5269	0.04853292003
5270	0.04852673116
5271	0.0485262994
5272	0.04851664033
5273	0.04851204395
5274	0.0485075361
5275	0.0485002124
5276	0.04849648966
5277	0.04848994846
5278	0.04847890261
5279	0.04847336148
5280	0.04846795347
5281	0.04845943618
5282	0.04845469828
5283	0.04845324565
5284	0.04844820521
5285	0.04843613457
5286	0.04842919102
5287	0.04842432765
5288	0.04842175456
5289	0.04842119664
5290	0.04841709992
5291	0.04841430975
5292	0.04840976882
5293	0.04840275626
5294	0.04839093485
5295	0.04838405487
5296	0.04837359327
5297	0.0483695379
5298	0.04836390675
5299	0.04835940532
5300	0.04834877138
5301	0.0483437217
5302	0.04833663097
5303	0.04833184188
5304	0.0483253877
5305	0.04831953988
5306	0.04831834058
5307	0.0483125052
5308	0.04831196522
5309	0.04830862076
5310	0.04830310398
5311	0.0482954697
5312	0.04829363184
5313	0.04828293446
5314	0.04828245956
5315	0.04827625025
5316	0.04827583498
5317	0.04827534335
5318	0.04826807167
5319	0.04826768965
5320	0.04826033161
5321	0.04825349462
5322	0.04825003047
5323	0.04824950154
5324	0.04824287582
5325	0.04823548753
5326	0.0482291076
5327	0.048225951
5328	0.0482251535
5329	0.04822427627
5330	0.04820993606
5331	0.04820150033
5332	0.04819104232
5333	0.04819076953
5334	0.04818030273
5335	0.04817572446
5336	0.04817095657
5337	0.04816192762
5338	0.04815483519
5339	0.04814667536
5340	0.0481461978
5341	0.04813647113
5342	0.04813190169
5343	0.04812458384
5344	0.04811788653
5345	0.04811185865
5346	0.04810477693
5347	0.04810179936
5348	0.04809797266
5349	0.04809342019
5350	0.04808606882
5351	0.04808153635
5352	0.04807420043
5353	0.04806028079
5354	0.04805597836
5355	0.04804792344
5356	0.04804197416
5357	0.04803545774
5358	0.04802874769
5359	0.04802294079
5360	0.0480166895
5361	0.04801321042
5362	0.04800529103
5363	0.04799838831
5364	0.04799154347
5365	0.0479910124
5366	0.04798473268
5367	0.04798286139
5368	0.04797365266
5369	0.04796578187
5370	0.04795872382
5371	0.04795763478
5372	0.0479544553
5373	0.04794561814
5374	0.04794014106
5375	0.04793426071
5376	0.04792936814
5377	0.04792314795
5378	0.04791595987
5379	0.04790771614
5380	0.04790201857
5381	0.04789644029
5382	0.04789277504
5383	0.04788856787
5384	0.04788306236
5385	0.04787859894
5386	0.04787391347
5387	0.04786739926
5388	0.04786275579
5389	0.04786230602
5390	0.04785267647
5391	0.04784609768
5392	0.04783780296
5393	0.04783252186
5394	0.0478319825
5395	0.04782072208
5396	0.04781885323
5397	0.04781353083
5398	0.04780879926
5399	0.04780736639
5400	0.04780224687
5401	0.04779306797
5402	0.04779103772
5403	0.04778928591
5404	0.04778603081
5405	0.04778123726
5406	0.04777963274
5407	0.04777420466
5408	0.04777364308
5409	0.04776988304
5410	0.04776861835
5411	0.0477583965
5412	0.04775340802
5413	0.04774315128
5414	0.04774181539
5415	0.04773612559
5416	0.04772853101
5417	0.04772369715
5418	0.04771879826
5419	0.04771187102
5420	0.0477066239
5421	0.04770578779
5422	0.047692586
5423	0.04768396194
5424	0.04768352884
5425	0.04767863156
5426	0.04767312271
5427	0.04766763881
5428	0.04766159653
5429	0.0476549733
5430	0.04765441845
5431	0.0476495354
5432	0.0476428357
5433	0.04763868425
5434	0.04763009965
5435	0.04762428748
5436	0.04761829693
5437	0.04760819139
5438	0.04760525825
5439	0.04759760504
5440	0.04759727115
5441	0.04759231781
5442	0.047588765
5443	0.04757886855
5444	0.04757225124
5445	0.04756700867
5446	0.04756177466
5447	0.04755643482
5448	0.04755253342
5449	0.04755082068
5450	0.04754520793
5451	0.04754230745
5452	0.04753739765
5453	0.04752906323
5454	0.04751856349
5455	0.0475098181
5456	0.04750664721
5457	0.04750003926
5458	0.04749957822
5459	0.04749865654
5460	0.04749735728
5461	0.04749231811
5462	0.04748701236
5463	0.04748187193
5464	0.04747790365
5465	0.0474739106
5466	0.04747050922
5467	0.04746152519
5468	0.04745486342
5469	0.04744971049
5470	0.04744079577
5471	0.0474349206
5472	0.04743175437
5473	0.04742351074
5474	0.04742308556
5475	0.04741615238
5476	0.0474101919
5477	0.04740179746
5478	0.04740137413
5479	0.04740087648
5480	0.04739578068
5481	0.04738954405
5482	0.04738056704
5483	0.04737245414
5484	0.04736524222
5485	0.04735543277
5486	0.04734657709
5487	0.04734604448
5488	0.04734185911
5489	0.0473413716
5490	0.04733256387
5491	0.04733185667
5492	0.04732719194
5493	0.04732683797
5494	0.0473217321
5495	0.04731630394
5496	0.04731410197
5497	0.04730416934
5498	0.04730390888
5499	0.04730168811
5500	0.04729114309
5501	0.04728526822
5502	0.0472809818
5503	0.04727268344
5504	0.04726800577
5505	0.04726245073
5506	0.04725963642
5507	0.04725294019
5508	0.04725250438
5509	0.04724660872
5510	0.04723850424
5511	0.04723011633
5512	0.04722462944
5513	0.04721756247
5514	0.04721435676
5515	0.04721206508
5516	0.04720660383
5517	0.04720173614
5518	0.0471993772
5519	0.04719383979
5520	0.04718300413
5521	0.04717341297
5522	0.04716494084
5523	0.04715641134
5524	0.04715085228
5525	0.04714827084
5526	0.04714109802
5527	0.04713424331
5528	0.04712781411
5529	0.04712354019
5530	0.0471174313
5531	0.04711093621
5532	0.0470979221
5533	0.0470906254
5534	0.04708652298
5535	0.0470814262
5536	0.0470731826
5537	0.04706486873
5538	0.04706180926
5539	0.04705055467
5540	0.04704608693
5541	0.04703890755
5542	0.04703027757
5543	0.04702282483
5544	0.04702247692
5545	0.04700936713
5546	0.04700895989
5547	0.0469972126
5548	0.04699241401
5549	0.04698627752
5550	0.04698319288
5551	0.04697674822
5552	0.04697036791
5553	0.04695915131
5554	0.04695453774
5555	0.04694761745
5556	0.04694196612
5557	0.04693477754
5558	0.04693352604
5559	0.04692412365
5560	0.04691848746
5561	0.04691689544
5562	0.04690860686
5563	0.04690373591
5564	0.04689668276
5565	0.0468909003
5566	0.04689046953
5567	0.04688591579
5568	0.04687239854
5569	0.04686170973
5570	0.04685762046
5571	0.04685109424
5572	0.0468456343
5573	0.04683913927
5574	0.04683218301
5575	0.04682870553
5576	0.04682142207
5577	0.04681161704
5578	0.04680961631
5579	0.04680049114
5580	0.0467900513
5581	0.04678100766
5582	0.0467795631
5583	0.04677347905
5584	0.0467663141
5585	0.04676184917
5586	0.04675769926
5587	0.046751445
5588	0.04674800164
5589	0.04674207533
5590	0.04673883699
5591	0.04673304959
5592	0.04672365593
5593	0.04671306495
5594	0.04671266551
5595	0.04671103097
5596	0.04670657028
5597	0.04669924345
5598	0.04668715922
5599	0.04668433319
5600	0.04667786088
5601	0.04667096571
5602	0.04666616936
5603	0.04665760705
5604	0.04665630443
5605	0.04664789219
5606	0.04663787611
5607	0.04663672616
5608	0.04663192964
5609	0.04662712814
5610	0.04662092154
5611	0.04661517354
5612	0.04660649663
5613	0.04660179166
5614	0.04660109813
5615	0.0465976036
5616	0.04659204117
5617	0.0465854085
5618	0.04657727596
5619	0.04657684496
5620	0.04657073753
5621	0.04656627693
5622	0.04655658964
5623	0.04655003494
5624	0.04654690555
5625	0.04653819138
5626	0.04653173417
5627	0.0465238915
5628	0.04652340763
5629	0.04652278612
5630	0.04651892684
5631	0.04651282311
5632	0.04650703878
5633	0.04650451355
5634	0.04649805049
5635	0.04649409066
5636	0.04648979015
5637	0.04648433342
5638	0.04648140555
5639	0.04647282005
5640	0.04647242663
5641	0.0464643365
5642	0.04645812218
5643	0.04645760507
5644	0.04645681559
5645	0.04645228733
5646	0.04644536819
5647	0.0464400464
5648	0.04643959106
5649	0.04642822995
5650	0.04642588008
5651	0.04642150414
5652	0.046421113
5653	0.04641108558
5654	0.04640228468
5655	0.04639914721
5656	0.04639531435
5657	0.04638700824
5658	0.04638067634
5659	0.04637660792
5660	0.04636342242
5661	0.04635698567
5662	0.04635123735
5663	0.04633868825
5664	0.04633594333
5665	0.04633342678
5666	0.04632493537
5667	0.04631806042
5668	0.04630779275
5669	0.04630015929
5670	0.04629755041
5671	0.04629286582
5672	0.04628294819
5673	0.04627534938
5674	0.04626961396
5675	0.04626249907
5676	0.04625422623
5677	0.04624868805
5678	0.04624830015
5679	0.04624251634
5680	0.04623818738
5681	0.04623250824
5682	0.0462268922
5683	0.04622133618
5684	0.04621505835
5685	0.04620794895
5686	0.04620011582
5687	0.04619544933
5688	0.04618762861
5689	0.04617994225
5690	0.04617302522
5691	0.04616363155
5692	0.04615774088
5693	0.04615238182
5694	0.04614691289
5695	0.04614231596
5696	0.04613801098
5697	0.04613213255
5698	0.04612413905
5699	0.04611881749
5700	0.04611416258
5701	0.04611388995
5702	0.04611114824
5703	0.04610869633
5704	0.04610223993
5705	0.04609336103
5706	0.04609283563
5707	0.04609042669
5708	0.04607927533
5709	0.04607435138
5710	0.04606874035
5711	0.04605654596
5712	0.04605614593
5713	0.04605184796
5714	0.0460471873
5715	0.04603742337
5716	0.04602966904
5717	0.04602360735
5718	0.04601753199
5719	0.04601716016
5720	0.0460121873
5721	0.0460038499
5722	0.04599259049
5723	0.04598770464
5724	0.04597667305
5725	0.0459683413
5726	0.0459648581
5727	0.0459589027
5728	0.04595856054
5729	0.04594815275
5730	0.04594287333
5731	0.0459373793
5732	0.04593241589
5733	0.04593121463
5734	0.04592438162
5735	0.04591383837
5736	0.04591147761
5737	0.04590441219
5738	0.04589928366
5739	0.04589446958
5740	0.04588571218
5741	0.04588133522
5742	0.0458715371
5743	0.04586732649
5744	0.04586368167
5745	0.04585969904
5746	0.04585329151
5747	0.04584528142
5748	0.0458354227
5749	0.04582429318
5750	0.04581366447
5751	0.04580738606
5752	0.04580284937
5753	0.04579085937
5754	0.04578438156
5755	0.0457766863
5756	0.04577332543
5757	0.04576780242
5758	0.04576098039
5759	0.04574941222
5760	0.04574603382
5761	0.04574411133
5762	0.04573607668
5763	0.04573255968
5764	0.04572569708
5765	0.04571752916
5766	0.04571232418
5767	0.04570458056
5768	0.04570210644
5769	0.04569949956
5770	0.04569310344
5771	0.04568441524
5772	0.04568106753
5773	0.04567146571
5774	0.04566625543
5775	0.04565708625
5776	0.04565569976
5777	0.04565073148
5778	0.04564772967
5779	0.04564173924
5780	0.0456386497
5781	0.04563434927
5782	0.04562801146
5783	0.04562691273
5784	0.04561804175
5785	0.04561021357
5786	0.04560477358
5787	0.04559888741
5788	0.04559312307
5789	0.04558286796
5790	0.04557352837
5791	0.04557310747
5792	0.04556865603
5793	0.0455606388
5794	0.04555796156
5795	0.045549936
5796	0.0455440383
5797	0.04553936135
5798	0.04553794417
5799	0.04553375038
5800	0.04552793903
5801	0.04552261722
5802	0.04551933555
5803	0.04551897861
5804	0.04551410889
5805	0.04550941577
5806	0.04550006746
5807	0.04549203312
5808	0.0454898471
5809	0.04548798673
5810	0.04548444515
5811	0.04547650967
5812	0.04546810015
5813	0.04546126283
5814	0.04545587824
5815	0.04544729087
5816	0.04543972304
5817	0.04543588482
5818	0.04543170683
5819	0.04542687986
5820	0.04542250072
5821	0.04541954797
5822	0.04541491287
5823	0.04541452136
5824	0.04541266647
5825	0.04540349641
5826	0.04539498118
5827	0.04538914955
5828	0.04538499271
5829	0.04537752266
5830	0.04537521527
5831	0.04537073656
5832	0.04536438645
5833	0.04535798789
5834	0.04535051749
5835	0.04534783322
5836	0.04533587337
5837	0.04532777262
5838	0.04532563715
5839	0.045318742
5840	0.04531143758
5841	0.04530537981
5842	0.04529949572
5843	0.04529607877
5844	0.0452924688
5845	0.04528587715
5846	0.04528090018
5847	0.04527349536
5848	0.04526682359
5849	0.04525953132
5850	0.04525576502
5851	0.04525453374
5852	0.04525078135
5853	0.04524111298
5854	0.04522997109
5855	0.04522107867
5856	0.04521459702
5857	0.04521244776
5858	0.04521208918
5859	0.04520514183
5860	0.04520186641
5861	0.04519486323
5862	0.04519237449
5863	0.04518867712
5864	0.04518547015
5865	0.0451852135
5866	0.04518157127
5867	0.04517178809
5868	0.04516446972
5869	0.04515903946
5870	0.04514864129
5871	0.04514292957
5872	0.04513953056
5873	0.04513543589
5874	0.04513319597
5875	0.04512498128
5876	0.04511670854
5877	0.04510583774
5878	0.04509973861
5879	0.04509749458
5880	0.04509703325
5881	0.04508685636
5882	0.0450787876
5883	0.04507485205
5884	0.04506944633
5885	0.04506185235
5886	0.04505861355
5887	0.04505832803
5888	0.04505084995
5889	0.04504548884
5890	0.04503858638
5891	0.04503158297
5892	0.04502917336
5893	0.04502177665
5894	0.04501760283
5895	0.04501228059
5896	0.04500602052
5897	0.04500390624
5898	0.04500288156
5899	0.04500021923
5900	0.04499438106
5901	0.04498698277
5902	0.04497798829
5903	0.04497533596
5904	0.04496824552
5905	0.04495969189
5906	0.04495500226
5907	0.04495037285
5908	0.04494759666
5909	0.0449384364
5910	0.04493550687
5911	0.04492699769
5912	0.044920235
5913	0.04491243164
5914	0.04490555404
5915	0.04489982754
5916	0.04489514638
5917	0.04488644116
5918	0.04487757959
5919	0.04487034835
5920	0.0448700435
5921	0.04486758249
5922	0.04486256606
5923	0.04486003711
5924	0.04485666368
5925	0.04484809094
5926	0.04483842394
5927	0.04483152176
5928	0.0448304918
5929	0.04482474863
5930	0.0448157689
5931	0.04480485918
5932	0.04479866757
5933	0.04479198461
5934	0.04478321634
5935	0.04477601813
5936	0.04477185825
5937	0.04477156294
5938	0.0447665146
5939	0.04475909375
5940	0.04475425034
5941	0.04475114953
5942	0.04474247683
5943	0.04473419572
5944	0.0447272404
5945	0.04472482131
5946	0.04471552227
5947	0.04471467847
5948	0.04470786932
5949	0.04470555282
5950	0.04469796073
5951	0.0446930914
5952	0.04468805415
5953	0.04468306803
5954	0.04467494454
5955	0.04467328871
5956	0.04466927688
5957	0.04465758499
5958	0.04465481524
5959	0.04464779317
5960	0.04464548779
5961	0.04464127873
5962	0.04463473751
5963	0.0446328036
5964	0.04462970025
5965	0.04462074123
5966	0.04461299905
5967	0.04460468779
5968	0.04459992467
5969	0.04458933043
5970	0.04458541154
5971	0.04457367252
5972	0.04457342059
5973	0.04456569289
5974	0.04455626422
5975	0.04455209421
5976	0.0445459987
5977	0.044540577
5978	0.04453370921
5979	0.04452755568
5980	0.04452642683
5981	0.04451851324
5982	0.04451653349
5983	0.04451407752
5984	0.04450545214
5985	0.04450248235
5986	0.0444910957
5987	0.04448225613
5988	0.04447759007
5989	0.0444719793
5990	0.04446945938
5991	0.04446865817
5992	0.04446829535
5993	0.04446470501
5994	0.04445615403
5995	0.04445224681
5996	0.04444616091
5997	0.04443958014
5998	0.0444344086
5999	0.04442931472
